image,x,y,degree,label,prob,n_gt_nets_on_node
circuit_1.jpg,546,160,4,1,0.3898,2
circuit_1.jpg,580,160,3,1,0.3856,2
circuit_1.jpg,88,161,3,0,0.389,2
circuit_1.jpg,204,162,3,0,0.3254,2
circuit_1.jpg,322,162,4,0,0.3735,2
circuit_1.jpg,81,182,3,0,0.4158,2
circuit_1.jpg,236,282,4,1,0.3384,2
circuit_1.jpg,546,344,4,1,0.4952,2
circuit_1.jpg,526,346,3,0,0.4926,2
circuit_1.jpg,312,347,3,0,0.3417,2
circuit_1.jpg,952,423,3,1,0.3126,2
circuit_1.jpg,885,449,3,0,0.4537,1
circuit_1.jpg,237,472,3,1,0.4739,2
circuit_1.jpg,950,486,4,1,0.3894,2
circuit_1.jpg,928,487,4,0,0.4366,2
circuit_1.jpg,74,490,4,1,0.3758,2
circuit_1.jpg,237,491,4,1,0.4344,2
circuit_1.jpg,703,489,3,1,0.3833,2
circuit_1.jpg,260,492,3,1,0.3544,2
circuit_1.jpg,726,492,3,1,0.4038,2
circuit_1.jpg,788,494,3,1,0.3366,2
circuit_1.jpg,947,507,4,1,0.4081,2
circuit_1.jpg,929,504,4,0,0.417,2
circuit_1.jpg,284,551,3,1,0.3197,2
circuit_1.jpg,420,554,4,1,0.3887,2
circuit_1.jpg,946,568,4,1,0.3859,2
circuit_1.jpg,964,571,4,1,0.4077,2
circuit_1.jpg,979,572,4,0,0.4297,2
circuit_1.jpg,570,582,5,0,0.392,1
circuit_1.jpg,986,590,4,0,0.4333,2
circuit_1.jpg,976,590,4,0,0.4328,2
circuit_1.jpg,786,591,3,1,0.379,2
circuit_1.jpg,945,652,3,0,0.2863,1
circuit_1.jpg,947,679,3,0,0.2914,1
circuit_1.jpg,444,712,3,1,0.4044,2
circuit_1.jpg,951,757,4,0,0.4243,1
circuit_1.jpg,961,757,3,0,0.3973,1
circuit_1.jpg,86,758,3,0,0.3879,1
circuit_1.jpg,574,758,4,0,0.407,1
circuit_1.jpg,770,758,4,0,0.3758,1
circuit_1.jpg,884,758,4,0,0.3549,1
circuit_1.jpg,100,759,3,0,0.3587,1
circuit_1.jpg,110,760,3,0,0.3418,1
circuit_1.jpg,414,761,4,0,0.4676,1
circuit_1.jpg,278,764,4,0,0.456,1
circuit_1016.jpg,430,290,3,1,0.3501,2
circuit_1016.jpg,494,289,4,1,0.4002,2
circuit_1016.jpg,66,294,4,0,0.3313,2
circuit_1016.jpg,256,293,4,1,0.3685,2
circuit_1016.jpg,680,293,3,1,0.3405,2
circuit_1016.jpg,384,416,4,0,0.4344,1
circuit_1016.jpg,497,441,4,1,0.4126,2
circuit_1016.jpg,687,440,3,1,0.3088,2
circuit_1016.jpg,294,444,3,1,0.3346,2
circuit_1016.jpg,472,443,3,1,0.4286,2
circuit_1016.jpg,380,500,3,0,0.3132,1
circuit_1016.jpg,380,516,4,0,0.3272,1
circuit_1016.jpg,73,532,4,1,0.3663,2
circuit_1016.jpg,209,534,4,1,0.3968,2
circuit_1016.jpg,282,533,3,1,0.4063,2
circuit_1016.jpg,302,534,3,1,0.4025,2
circuit_1016.jpg,385,534,4,1,0.3664,2
circuit_1016.jpg,376,542,4,0,0.3255,1
circuit_1016.jpg,687,566,4,0,0.3585,1
circuit_1016.jpg,499,568,4,0,0.3779,1
circuit_1016.jpg,768,573,3,0,0.3642,1
circuit_1016.jpg,371,578,3,0,0.3523,1
circuit_1016.jpg,255,581,3,0,0.3266,1
circuit_1016.jpg,799,589,4,0,0.4316,1
circuit_1016.jpg,828,588,4,0,0.4518,1
circuit_1016.jpg,834,610,4,0,0.4229,1
circuit_1016.jpg,844,614,3,0,0.4242,1
circuit_1016.jpg,372,661,3,0,0.3866,1
circuit_1016.jpg,737,667,3,0,0.4491,1
circuit_1016.jpg,247,702,4,0,0.4427,1
circuit_1016.jpg,498,704,3,0,0.4783,1
circuit_1016.jpg,466,706,4,0,0.4731,1
circuit_1016.jpg,685,705,3,0,0.3836,1
circuit_1016.jpg,796,710,4,0,0.4001,1
circuit_1016.jpg,852,711,3,0,0.3427,1
circuit_1016.jpg,896,712,4,0,0.3357,1
circuit_1018.jpg,492,402,4,1,0.4131,2
circuit_1018.jpg,241,404,3,0,0.3674,1
circuit_1018.jpg,804,419,4,0,0.3368,1
circuit_1018.jpg,502,600,4,1,0.3877,2
circuit_1018.jpg,446,611,3,1,0.3579,2
circuit_1018.jpg,406,613,3,1,0.3832,2
circuit_1018.jpg,243,620,4,1,0.4075,2
circuit_1074.jpg,817,238,3,0,0.3217,1
circuit_1074.jpg,667,267,4,0,0.4476,1
circuit_1074.jpg,560,268,3,0,0.3845,1
circuit_1074.jpg,384,271,4,0,0.3339,1
circuit_1074.jpg,67,278,4,0,0.3945,1
circuit_1074.jpg,96,280,3,0,0.433,1
circuit_1074.jpg,224,282,3,0,0.3054,1
circuit_1074.jpg,671,304,3,0,0.5674,1
circuit_1074.jpg,672,325,4,0,0.406,1
circuit_1074.jpg,564,340,4,0,0.4243,1
circuit_1074.jpg,829,342,5,0,0.4192,1
circuit_1074.jpg,388,348,3,0,0.3535,1
circuit_1074.jpg,226,358,3,0,0.4105,1
circuit_1074.jpg,563,361,4,0,0.4047,1
circuit_1074.jpg,532,365,3,0,0.5022,1
circuit_1074.jpg,704,382,3,0,0.3266,1
circuit_1074.jpg,400,405,4,0,0.3521,1
circuit_1074.jpg,96,410,4,0,0.2871,1
circuit_1074.jpg,399,422,3,0,0.355,1
circuit_1074.jpg,793,470,3,0,0.5919,2
circuit_1074.jpg,678,478,3,0,0.4448,2
circuit_1074.jpg,760,488,4,0,0.6968,2
circuit_1074.jpg,729,487,3,0,0.6594,2
circuit_1074.jpg,738,493,4,0,0.6712,2
circuit_1074.jpg,394,500,3,0,0.3837,1
circuit_1074.jpg,995,508,3,0,0.3629,1
circuit_1074.jpg,287,512,3,0,0.2797,1
circuit_1074.jpg,673,536,4,0,0.4779,2
circuit_1074.jpg,554,540,4,0,0.365,1
circuit_1074.jpg,992,546,4,0,0.3987,1
circuit_1074.jpg,803,549,4,0,0.3693,2
circuit_1074.jpg,692,578,3,0,0.3756,1
circuit_1074.jpg,287,590,4,0,0.3593,1
circuit_1074.jpg,115,592,3,0,0.515,1
circuit_1074.jpg,766,617,3,0,0.4058,1
circuit_1074.jpg,119,631,3,0,0.4836,1
circuit_1074.jpg,792,639,3,0,0.4031,1
circuit_1074.jpg,287,655,4,0,0.317,1
circuit_1074.jpg,122,682,3,0,0.272,1
circuit_1074.jpg,802,708,4,0,0.502,1
circuit_1074.jpg,648,707,4,0,0.4257,1
circuit_1074.jpg,812,708,4,0,0.4467,1
circuit_1074.jpg,988,712,4,0,0.3593,1
circuit_1076.jpg,330,157,3,0,0.3523,1
circuit_1076.jpg,481,209,3,0,0.3267,1
circuit_1076.jpg,506,211,3,0,0.3672,1
circuit_1076.jpg,61,226,3,0,0.3733,1
circuit_1076.jpg,144,230,3,0,0.4258,1
circuit_1076.jpg,164,234,3,0,0.4648,1
circuit_1076.jpg,60,256,3,0,0.392,1
circuit_1076.jpg,340,277,4,0,0.3975,1
circuit_1076.jpg,481,282,3,0,0.3963,1
circuit_1076.jpg,189,306,4,0,0.3448,1
circuit_1076.jpg,642,323,3,0,0.3704,1
circuit_1076.jpg,678,324,4,0,0.3888,1
circuit_1076.jpg,856,326,3,0,0.311,1
circuit_1076.jpg,938,330,3,0,0.3542,1
circuit_1076.jpg,963,333,3,0,0.3375,1
circuit_1076.jpg,969,358,3,0,0.3562,1
circuit_1076.jpg,494,364,4,0,0.3641,1
circuit_1076.jpg,420,365,3,0,0.3772,1
circuit_1076.jpg,973,378,3,0,0.3259,1
circuit_1076.jpg,978,404,3,0,0.3071,1
circuit_1076.jpg,698,433,3,0,0.3115,1
circuit_1076.jpg,710,434,3,0,0.3351,1
circuit_1076.jpg,758,438,3,0,0.3639,1
circuit_1076.jpg,777,441,3,0,0.3586,1
circuit_1076.jpg,596,444,3,0,0.4296,1
circuit_1076.jpg,419,504,4,0,0.5194,1
circuit_1076.jpg,364,506,4,0,0.4626,1
circuit_1076.jpg,446,506,3,0,0.4518,1
circuit_1076.jpg,588,510,3,0,0.4304,1
circuit_1076.jpg,991,534,4,0,0.4768,1
circuit_1076.jpg,918,535,3,0,0.2857,1
circuit_1076.jpg,786,540,3,0,0.3954,1
circuit_1076.jpg,78,562,3,0,0.3189,1
circuit_1076.jpg,90,561,3,0,0.3451,1
circuit_1076.jpg,238,564,4,0,0.3707,1
circuit_1076.jpg,611,570,4,0,0.2994,1
circuit_1076.jpg,220,613,3,0,0.3572,1
circuit_1076.jpg,987,616,3,0,0.2954,1
circuit_1076.jpg,984,670,3,0,0.2989,1
circuit_1076.jpg,536,691,3,0,0.3652,1
circuit_1076.jpg,733,694,3,0,0.3524,1
circuit_1076.jpg,538,718,3,0,0.4051,1
circuit_1076.jpg,536,767,3,0,0.3469,1
circuit_1076.jpg,420,769,3,0,0.3448,1
circuit_1076.jpg,736,776,4,0,0.4307,1
circuit_1076.jpg,984,794,4,0,0.4068,1
circuit_1076.jpg,737,796,4,0,0.4706,1
circuit_1076.jpg,936,798,3,0,0.3618,1
circuit_1076.jpg,656,799,3,0,0.3173,1
circuit_1076.jpg,533,835,4,0,0.3061,1
circuit_1077.jpg,462,332,3,0,0.4056,1
circuit_1077.jpg,509,358,3,0,0.2627,1
circuit_1077.jpg,520,368,4,0,0.2127,1
circuit_1077.jpg,459,372,4,0,0.3989,1
circuit_1077.jpg,216,376,3,0,0.3741,1
circuit_1077.jpg,718,380,3,0,0.5297,1
circuit_1077.jpg,717,423,3,0,0.4326,1
circuit_1077.jpg,459,430,3,0,0.3526,1
circuit_1077.jpg,799,558,3,0,0.4483,1
circuit_1077.jpg,796,571,4,0,0.4099,1
circuit_1077.jpg,764,571,3,0,0.4572,1
circuit_1077.jpg,478,574,3,0,0.3876,1
circuit_1077.jpg,206,581,3,0,0.3049,1
circuit_1079.jpg,577,237,4,0,0.4623,1
circuit_1079.jpg,836,238,3,0,0.4084,1
circuit_1079.jpg,878,246,3,0,0.3981,1
circuit_1079.jpg,325,315,3,0,0.3925,1
circuit_1079.jpg,260,315,3,0,0.3475,1
circuit_1079.jpg,873,460,4,1,0.6657,3
circuit_1079.jpg,844,461,3,1,0.6176,3
circuit_1079.jpg,324,467,4,1,0.4759,2
circuit_1079.jpg,514,471,4,1,0.464,3
circuit_1079.jpg,490,471,3,1,0.461,3
circuit_1079.jpg,876,500,3,1,0.6093,3
circuit_1079.jpg,272,529,3,0,0.3184,1
circuit_1079.jpg,877,554,4,1,0.3616,3
circuit_1079.jpg,850,555,4,1,0.3343,3
circuit_1079.jpg,314,588,3,1,0.333,2
circuit_1079.jpg,88,606,4,0,0.477,1
circuit_1079.jpg,112,607,3,0,0.4726,1
circuit_1079.jpg,775,616,4,1,0.3426,2
circuit_1079.jpg,594,634,3,0,0.4351,1
circuit_1079.jpg,512,636,4,0,0.5304,1
circuit_1079.jpg,772,642,3,1,0.3917,2
circuit_1079.jpg,597,654,3,0,0.4521,1
circuit_1079.jpg,513,671,3,0,0.5196,1
circuit_1079.jpg,770,676,3,1,0.3054,2
circuit_1079.jpg,601,684,3,0,0.3919,1
circuit_1079.jpg,603,694,3,0,0.4088,1
circuit_1079.jpg,194,702,3,1,0.3204,2
circuit_1079.jpg,609,727,4,0,0.3687,1
circuit_1079.jpg,835,728,3,0,0.3595,1
circuit_1079.jpg,652,733,4,0,0.3841,1
circuit_1079.jpg,533,770,3,0,0.4772,1
circuit_1079.jpg,309,772,3,1,0.422,2
circuit_1079.jpg,192,788,3,1,0.5476,2
circuit_1079.jpg,650,791,4,0,0.5497,1
circuit_1079.jpg,771,793,4,0,0.404,1
circuit_1079.jpg,310,794,4,1,0.4814,2
circuit_1079.jpg,530,793,4,0,0.4017,1
circuit_1079.jpg,810,795,4,0,0.3838,1
circuit_1079.jpg,881,796,4,0,0.4382,1
circuit_1087.jpg,3,286,4,0,0.3163,2
circuit_1087.jpg,634,343,3,0,0.3571,1
circuit_1087.jpg,345,345,4,1,0.3562,3
circuit_1087.jpg,874,426,3,0,0.367,1
circuit_1087.jpg,641,436,4,0,0.4459,1
circuit_1087.jpg,195,444,4,0,0.3188,2
circuit_1087.jpg,394,444,3,1,0.3851,3
circuit_1087.jpg,348,445,4,1,0.4133,3
circuit_1087.jpg,871,585,3,0,0.3696,1
circuit_1087.jpg,598,600,4,0,0.3854,1
circuit_1087.jpg,401,605,4,1,0.4202,2
circuit_1087.jpg,196,618,3,0,0.3202,2
circuit_1087.jpg,2,738,4,0,0.3999,2
circuit_1087.jpg,1022,740,3,0,0.344,2
circuit_1093.jpg,336,323,4,0,0.3355,1
circuit_1093.jpg,454,323,4,0,0.3711,1
circuit_1093.jpg,634,324,4,1,0.4396,3
circuit_1093.jpg,825,323,3,1,0.322,3
circuit_1093.jpg,594,326,3,1,0.334,3
circuit_1093.jpg,139,327,3,0,0.3505,1
circuit_1093.jpg,139,475,4,1,0.4659,3
circuit_1093.jpg,168,478,3,1,0.432,3
circuit_1093.jpg,184,480,3,1,0.3981,3
circuit_1093.jpg,244,483,3,1,0.3486,3
circuit_1093.jpg,340,489,4,1,0.4394,3
circuit_1093.jpg,836,490,4,1,0.3913,3
circuit_1093.jpg,411,503,4,0,0.2917,3
circuit_1093.jpg,459,495,4,1,0.4434,3
circuit_1093.jpg,636,496,4,1,0.3914,3
circuit_1093.jpg,399,523,4,0,0.251,3
circuit_1093.jpg,377,529,3,0,0.2544,3
circuit_1093.jpg,137,650,3,1,0.3218,2
circuit_1093.jpg,506,657,3,0,0.2853,3
circuit_1093.jpg,340,661,4,1,0.5018,3
circuit_1093.jpg,494,661,3,1,0.3583,3
circuit_1093.jpg,308,662,3,0,0.4078,3
circuit_1093.jpg,408,662,3,1,0.3874,3
circuit_1093.jpg,452,663,4,1,0.4889,3
circuit_1093.jpg,512,665,4,0,0.2687,3
circuit_1093.jpg,573,668,4,1,0.2216,3
circuit_1093.jpg,636,668,4,1,0.3924,3
circuit_1093.jpg,832,670,3,0,0.3501,3
circuit_1094.jpg,611,378,4,0,0.3296,2
circuit_1094.jpg,538,428,4,0,0.2516,2
circuit_1094.jpg,515,424,4,0,0.3796,2
circuit_1094.jpg,551,421,3,0,0.3428,2
circuit_1094.jpg,581,430,4,1,0.4542,2
circuit_1094.jpg,552,430,4,0,0.3562,2
circuit_1094.jpg,613,434,4,1,0.4469,2
circuit_1094.jpg,514,436,4,0,0.4052,2
circuit_1094.jpg,792,471,4,1,0.3649,2
circuit_1094.jpg,614,475,4,1,0.4644,2
circuit_1094.jpg,311,476,3,0,0.4069,1
circuit_1094.jpg,788,588,4,1,0.3851,2
circuit_1094.jpg,614,594,3,1,0.3817,2
circuit_1094.jpg,570,596,4,1,0.382,2
circuit_1097.jpg,2,286,4,0,0.2864,1
circuit_1097.jpg,492,289,4,0,0.2693,1
circuit_1097.jpg,488,302,4,0,0.357,1
circuit_1097.jpg,777,349,4,0,0.352,1
circuit_1097.jpg,542,363,4,0,0.3929,1
circuit_1097.jpg,226,374,3,0,0.3875,1
circuit_1097.jpg,796,478,3,0,0.3058,1
circuit_1097.jpg,576,544,3,0,0.3306,1
circuit_1097.jpg,579,562,3,0,0.4169,1
circuit_1097.jpg,802,565,4,0,0.3522,1
circuit_1097.jpg,250,574,3,0,0.3393,1
circuit_1097.jpg,251,582,3,0,0.3553,1
circuit_1097.jpg,582,587,4,0,0.4674,1
circuit_1097.jpg,585,610,3,0,0.413,1
circuit_1097.jpg,2,738,3,0,0.363,1
circuit_1097.jpg,1022,740,3,0,0.3063,1
circuit_1111.jpg,865,117,3,0,0.3588,1
circuit_1111.jpg,150,148,3,0,0.3827,1
circuit_1111.jpg,210,152,4,0,0.4102,1
circuit_1111.jpg,865,182,3,0,0.3604,1
circuit_1111.jpg,682,196,4,0,0.4275,1
circuit_1111.jpg,418,197,3,0,0.3404,1
circuit_1111.jpg,460,198,3,0,0.3702,1
circuit_1111.jpg,966,223,3,1,0.3229,2
circuit_1111.jpg,866,225,4,0,0.3919,1
circuit_1111.jpg,267,237,3,0,0.3074,1
circuit_1111.jpg,575,478,3,1,0.313,2
circuit_1111.jpg,362,536,3,0,0.3223,2
circuit_1111.jpg,384,538,3,0,0.3381,2
circuit_1111.jpg,424,542,3,0,0.3927,2
circuit_1111.jpg,452,544,3,0,0.3674,2
circuit_1111.jpg,466,547,4,1,0.3757,2
circuit_1111.jpg,580,549,4,1,0.4404,2
circuit_1111.jpg,594,550,3,0,0.4123,2
circuit_1111.jpg,754,550,3,0,0.35,1
circuit_1111.jpg,674,551,3,0,0.2882,2
circuit_1111.jpg,963,571,3,1,0.3874,2
circuit_1111.jpg,252,585,4,0,0.4489,1
circuit_1111.jpg,746,612,4,0,0.3473,1
circuit_1111.jpg,432,614,3,1,0.3091,2
circuit_1111.jpg,465,613,3,1,0.3307,2
circuit_1111.jpg,961,704,3,0,0.3436,2
circuit_1111.jpg,798,810,3,0,0.3895,1
circuit_1111.jpg,836,813,3,0,0.3578,1
circuit_1111.jpg,604,868,3,0,0.3224,2
circuit_1111.jpg,674,868,4,0,0.3725,1
circuit_1111.jpg,836,886,3,0,0.3092,1
circuit_1111.jpg,956,888,4,0,0.4368,2
circuit_1121.jpg,416,386,4,1,0.334,2
circuit_1121.jpg,635,385,3,1,0.3779,2
circuit_1121.jpg,648,619,3,1,0.4012,3
circuit_1121.jpg,416,622,4,1,0.4628,3
circuit_1122.jpg,121,350,3,0,0.3165,1
circuit_1122.jpg,296,353,3,0,0.3965,2
circuit_1122.jpg,331,356,3,1,0.3535,2
circuit_1122.jpg,520,357,4,1,0.4087,2
circuit_1122.jpg,670,357,4,1,0.3718,2
circuit_1122.jpg,525,402,3,1,0.3489,2
circuit_1122.jpg,680,464,3,1,0.4867,3
circuit_1122.jpg,818,496,4,1,0.4656,3
circuit_1122.jpg,683,501,3,1,0.5194,3
circuit_1122.jpg,670,502,3,1,0.4733,3
circuit_1122.jpg,660,503,3,1,0.5006,3
circuit_1122.jpg,528,507,4,1,0.4795,3
circuit_1122.jpg,455,512,4,0,0.3995,3
circuit_1122.jpg,130,511,4,1,0.4078,2
circuit_1122.jpg,330,510,4,1,0.4987,2
circuit_1122.jpg,40,518,3,0,0.3261,2
circuit_1122.jpg,450,527,4,0,0.3401,3
circuit_1122.jpg,903,526,3,0,0.3078,3
circuit_1122.jpg,438,532,3,0,0.3432,3
circuit_1122.jpg,426,535,4,0,0.3588,3
circuit_1122.jpg,686,643,3,1,0.5476,3
circuit_1122.jpg,664,643,4,1,0.5643,3
circuit_1122.jpg,524,655,4,0,0.4215,1
circuit_1122.jpg,329,657,3,0,0.3676,1
circuit_1122.jpg,176,664,3,1,0.3828,2
circuit_1122.jpg,136,665,3,1,0.3318,2
circuit_1124.jpg,338,252,3,1,0.7978,2
circuit_1124.jpg,488,253,4,1,0.7738,2
circuit_1124.jpg,680,256,3,1,0.4895,2
circuit_1124.jpg,816,255,3,1,0.5973,2
circuit_1124.jpg,901,258,3,1,0.5869,2
circuit_1124.jpg,490,296,3,1,0.6432,2
circuit_1124.jpg,332,442,4,1,0.6327,3
circuit_1124.jpg,676,440,4,1,0.6309,3
circuit_1124.jpg,487,442,5,1,0.7933,3
circuit_1124.jpg,532,442,3,1,0.7157,3
circuit_1124.jpg,152,447,4,1,0.4146,3
circuit_1124.jpg,896,447,4,1,0.7985,2
circuit_1124.jpg,977,447,3,1,0.4795,2
circuit_1124.jpg,104,451,4,1,0.6716,3
circuit_1124.jpg,82,453,3,0,0.6234,3
circuit_1124.jpg,970,604,3,0,0.3007,2
circuit_1124.jpg,491,620,3,1,0.7674,2
circuit_1124.jpg,888,636,4,0,0.564,1
circuit_1124.jpg,672,645,4,0,0.6614,1
circuit_1124.jpg,492,652,4,0,0.61,2
circuit_1124.jpg,245,656,5,0,0.4617,2
circuit_1124.jpg,331,655,3,1,0.5776,2
circuit_1127.jpg,316,366,3,1,0.376,2
circuit_1127.jpg,505,366,3,1,0.4394,2
circuit_1127.jpg,411,444,3,0,0.493,2
circuit_1127.jpg,445,449,3,0,0.515,2
circuit_1127.jpg,321,470,4,1,0.5189,2
circuit_1127.jpg,447,468,3,0,0.4553,2
circuit_1127.jpg,508,468,3,1,0.5315,2
circuit_1127.jpg,610,467,3,1,0.4084,2
circuit_1127.jpg,642,467,3,1,0.3913,2
circuit_1127.jpg,209,478,3,0,0.3511,2
circuit_1127.jpg,646,488,3,1,0.3879,2
circuit_1127.jpg,618,603,3,1,0.4379,3
circuit_1127.jpg,512,607,4,1,0.5134,3
circuit_1127.jpg,330,617,4,1,0.4645,2
circuit_1127.jpg,211,623,3,0,0.3732,2
circuit_113.jpg,375,151,3,0,0.4489,1
circuit_113.jpg,340,155,3,0,0.5002,1
circuit_113.jpg,584,159,4,0,0.4102,1
circuit_113.jpg,226,170,3,0,0.4251,2
circuit_113.jpg,208,171,4,0,0.3864,2
circuit_113.jpg,989,211,3,0,0.4296,1
circuit_113.jpg,964,210,3,0,0.4624,1
circuit_113.jpg,920,215,3,0,0.4073,1
circuit_113.jpg,776,226,3,0,0.4889,1
circuit_113.jpg,580,228,4,0,0.4698,1
circuit_113.jpg,382,246,4,0,0.3998,1
circuit_113.jpg,212,248,4,1,0.4341,2
circuit_113.jpg,190,252,3,1,0.4721,2
circuit_113.jpg,103,261,4,1,0.4076,2
circuit_113.jpg,225,307,4,0,0.3219,1
circuit_113.jpg,578,311,4,1,0.3306,2
circuit_113.jpg,531,386,3,1,0.5976,2
circuit_113.jpg,500,393,3,1,0.6443,2
circuit_113.jpg,486,396,3,1,0.5869,2
circuit_113.jpg,468,400,3,1,0.5339,2
circuit_113.jpg,459,402,3,1,0.4622,2
circuit_113.jpg,453,458,3,1,0.3431,2
circuit_113.jpg,849,482,3,0,0.4852,1
circuit_113.jpg,992,484,3,0,0.3944,1
circuit_113.jpg,988,517,3,0,0.3966,1
circuit_113.jpg,678,530,4,0,0.4315,1
circuit_113.jpg,850,532,4,0,0.3914,1
circuit_113.jpg,478,553,3,0,0.6072,2
circuit_113.jpg,450,557,4,1,0.5908,2
circuit_113.jpg,378,561,3,0,0.4495,2
circuit_113.jpg,400,561,4,1,0.4623,2
circuit_113.jpg,262,574,3,0,0.445,1
circuit_113.jpg,676,592,3,0,0.3349,1
circuit_113.jpg,445,666,3,0,0.3398,2
circuit_113.jpg,398,673,4,1,0.4108,2
circuit_113.jpg,180,685,3,0,0.526,1
circuit_113.jpg,102,694,3,0,0.5338,1
circuit_113.jpg,66,698,3,0,0.471,1
circuit_113.jpg,443,736,3,0,0.3156,2
circuit_113.jpg,220,741,3,0,0.3371,1
circuit_113.jpg,770,757,3,0,0.3309,1
circuit_113.jpg,632,773,3,0,0.4308,1
circuit_113.jpg,618,833,4,0,0.4363,1
circuit_113.jpg,494,838,4,0,0.3143,2
circuit_113.jpg,439,840,4,0,0.3926,2
circuit_113.jpg,964,844,3,0,0.4057,1
circuit_113.jpg,823,858,4,0,0.492,1
circuit_113.jpg,844,856,3,0,0.4911,1
circuit_113.jpg,834,858,4,0,0.5023,1
circuit_1133.jpg,431,67,4,0,0.3927,1
circuit_1133.jpg,256,71,4,0,0.3808,1
circuit_1133.jpg,613,74,4,0,0.3919,1
circuit_1133.jpg,85,75,4,0,0.3576,1
circuit_1133.jpg,662,75,3,0,0.3853,1
circuit_1133.jpg,798,106,3,0,0.4152,1
circuit_1133.jpg,260,114,3,0,0.4106,1
circuit_1133.jpg,261,124,3,0,0.4841,1
circuit_1133.jpg,432,150,3,0,0.4591,1
circuit_1133.jpg,622,158,3,0,0.383,1
circuit_1133.jpg,626,214,3,0,0.3981,1
circuit_1133.jpg,626,250,3,0,0.3694,1
circuit_1133.jpg,78,256,3,0,0.4783,1
circuit_1133.jpg,218,264,3,0,0.299,1
circuit_1133.jpg,799,264,3,0,0.618,1
circuit_1133.jpg,73,284,3,0,0.434,1
circuit_1133.jpg,258,287,4,0,0.3465,1
circuit_1133.jpg,417,295,4,0,0.3283,1
circuit_1133.jpg,440,304,3,0,0.377,1
circuit_1133.jpg,626,364,3,0,0.3278,1
circuit_1133.jpg,74,426,3,1,0.5088,2
circuit_1133.jpg,261,428,3,0,0.284,1
circuit_1133.jpg,630,450,3,0,0.3904,1
circuit_1133.jpg,256,452,3,0,0.3296,1
circuit_1133.jpg,440,484,3,0,0.3425,1
circuit_1133.jpg,805,488,4,0,0.5253,1
circuit_1133.jpg,752,495,3,0,0.4373,1
circuit_1133.jpg,252,504,4,0,0.3541,1
circuit_1133.jpg,619,523,3,0,0.4412,1
circuit_1133.jpg,633,524,4,0,0.4565,1
circuit_1133.jpg,73,548,3,1,0.3161,2
circuit_1133.jpg,243,622,3,1,0.3292,2
circuit_1133.jpg,784,708,3,1,0.6765,2
circuit_1133.jpg,810,709,3,1,0.5802,2
circuit_1133.jpg,236,712,4,1,0.4862,2
circuit_1133.jpg,431,728,3,0,0.3134,1
circuit_1133.jpg,236,858,3,1,0.2825,2
circuit_1133.jpg,812,868,4,1,0.483,2
circuit_1133.jpg,786,870,3,1,0.3872,2
circuit_1133.jpg,522,880,3,1,0.3231,2
circuit_1133.jpg,435,884,4,1,0.5589,2
circuit_1133.jpg,69,907,3,1,0.4026,2
circuit_1133.jpg,72,940,4,1,0.3325,2
circuit_1133.jpg,116,944,3,1,0.3836,2
circuit_1133.jpg,126,945,3,1,0.351,2
circuit_1133.jpg,814,946,4,1,0.3937,2
circuit_1133.jpg,642,947,4,1,0.377,2
circuit_1133.jpg,433,950,4,1,0.4079,2
circuit_1133.jpg,215,952,3,1,0.4983,2
circuit_1133.jpg,240,954,3,1,0.5148,2
circuit_1134.jpg,853,66,3,1,0.3873,7
circuit_1134.jpg,422,68,4,1,0.4121,7
circuit_1134.jpg,810,68,4,1,0.5007,7
circuit_1134.jpg,634,68,3,1,0.3648,7
circuit_1134.jpg,238,72,4,1,0.3759,7
circuit_1134.jpg,854,104,3,1,0.4104,7
circuit_1134.jpg,625,227,4,1,0.3007,7
circuit_1134.jpg,242,239,4,1,0.4521,7
circuit_1134.jpg,109,242,4,1,0.5104,7
circuit_1134.jpg,420,241,4,1,0.5347,7
circuit_1134.jpg,859,250,4,1,0.3431,7
circuit_1134.jpg,421,364,3,1,0.4005,7
circuit_1134.jpg,680,408,3,1,0.3437,7
circuit_1134.jpg,847,410,4,1,0.4091,7
circuit_1134.jpg,512,414,3,1,0.3262,7
circuit_1134.jpg,494,415,3,1,0.3453,7
circuit_1134.jpg,338,419,3,1,0.363,7
circuit_1134.jpg,427,422,4,1,0.4509,7
circuit_1134.jpg,248,420,3,1,0.3819,7
circuit_1134.jpg,630,432,4,1,0.5056,7
circuit_1134.jpg,427,456,3,1,0.3421,7
circuit_1134.jpg,244,552,3,1,0.3574,7
circuit_1134.jpg,622,564,4,1,0.3447,7
circuit_1134.jpg,844,575,4,1,0.4098,7
circuit_1134.jpg,240,592,3,1,0.383,7
circuit_1134.jpg,438,585,5,1,0.4262,7
circuit_1134.jpg,632,588,4,1,0.3564,7
circuit_1134.jpg,426,608,4,1,0.3779,2
circuit_1134.jpg,622,739,3,1,0.4781,7
circuit_1134.jpg,622,762,4,1,0.4381,7
circuit_1134.jpg,425,760,4,1,0.3453,7
circuit_1134.jpg,845,760,4,1,0.409,7
circuit_1134.jpg,422,888,4,1,0.462,7
circuit_1134.jpg,624,888,3,1,0.391,7
circuit_1134.jpg,240,894,3,1,0.3516,7
circuit_1134.jpg,794,893,3,1,0.339,7
circuit_1134.jpg,841,899,3,1,0.352,7
circuit_1135.jpg,434,372,3,0,0.2908,1
circuit_1135.jpg,640,375,4,1,0.446,2
circuit_1135.jpg,164,590,3,1,0.4185,2
circuit_1135.jpg,163,608,3,1,0.3985,2
circuit_1135.jpg,639,615,4,1,0.5038,2
circuit_1135.jpg,812,618,4,0,0.356,2
circuit_1145.jpg,294,379,4,1,0.352,2
circuit_1145.jpg,460,380,4,1,0.4122,2
circuit_1145.jpg,671,382,3,1,0.3038,3
circuit_1145.jpg,295,408,3,1,0.4142,2
circuit_1145.jpg,677,478,3,1,0.293,3
circuit_1145.jpg,677,594,3,1,0.3425,3
circuit_1145.jpg,475,602,4,1,0.4839,3
circuit_1145.jpg,498,605,3,1,0.4929,3
circuit_1145.jpg,306,608,4,1,0.4105,3
circuit_1145.jpg,142,614,4,0,0.3955,3
circuit_1153.jpg,486,259,3,0,0.3257,1
circuit_1153.jpg,504,260,3,0,0.3235,1
circuit_1153.jpg,638,283,4,0,0.4287,1
circuit_1153.jpg,807,286,3,0,0.3004,1
circuit_1153.jpg,51,291,3,0,0.4065,1
circuit_1153.jpg,76,293,4,0,0.4771,1
circuit_1153.jpg,120,295,3,0,0.3837,1
circuit_1153.jpg,806,320,3,0,0.4427,1
circuit_1153.jpg,75,330,3,0,0.4239,1
circuit_1153.jpg,638,347,4,0,0.4668,1
circuit_1153.jpg,337,352,4,1,0.3957,2
circuit_1153.jpg,515,350,4,0,0.3979,1
circuit_1153.jpg,176,351,4,0,0.3815,1
circuit_1153.jpg,998,355,3,0,0.3519,1
circuit_1153.jpg,804,359,4,0,0.4278,1
circuit_1153.jpg,514,370,4,0,0.4457,1
circuit_1153.jpg,655,372,3,0,0.4159,1
circuit_1153.jpg,358,394,3,1,0.355,3
circuit_1153.jpg,838,406,4,0,0.8601,1
circuit_1153.jpg,809,416,5,0,0.7004,1
circuit_1153.jpg,762,414,4,0,0.487,1
circuit_1153.jpg,790,423,4,0,0.7733,1
circuit_1153.jpg,827,425,3,0,0.755,1
circuit_1153.jpg,771,433,4,0,0.566,1
circuit_1153.jpg,788,442,4,0,0.8236,1
circuit_1153.jpg,802,445,4,0,0.8654,1
circuit_1153.jpg,814,446,4,0,0.7453,1
circuit_1153.jpg,828,446,3,0,0.6832,1
circuit_1153.jpg,645,448,4,0,0.3559,1
circuit_1153.jpg,270,474,3,0,0.3351,3
circuit_1153.jpg,358,474,4,1,0.3608,3
circuit_1153.jpg,518,482,3,0,0.4157,1
circuit_1153.jpg,997,486,3,0,0.3458,1
circuit_1153.jpg,856,492,3,0,0.438,1
circuit_1153.jpg,892,497,4,0,0.4453,1
circuit_1153.jpg,265,508,2,0,0.5858,3
circuit_1153.jpg,313,500,4,0,0.4173,3
circuit_1153.jpg,862,505,4,0,0.5837,1
circuit_1153.jpg,291,508,4,0,0.5426,3
circuit_1153.jpg,912,504,4,0,0.3335,1
circuit_1153.jpg,314,510,4,0,0.3721,3
circuit_1153.jpg,328,508,3,1,0.4647,3
circuit_1153.jpg,929,509,3,0,0.4204,1
circuit_1153.jpg,358,514,4,1,0.4363,3
circuit_1153.jpg,645,520,3,0,0.4861,1
circuit_1153.jpg,520,522,3,0,0.4227,1
circuit_1153.jpg,930,522,3,0,0.3924,1
circuit_1153.jpg,548,523,4,0,0.4784,1
circuit_1153.jpg,826,524,3,0,0.4577,1
circuit_1153.jpg,996,526,3,0,0.3616,1
circuit_1153.jpg,40,534,4,0,0.353,1
circuit_1153.jpg,72,535,3,0,0.472,1
circuit_1153.jpg,86,537,4,0,0.4699,1
circuit_1153.jpg,250,542,4,1,0.4127,3
circuit_1153.jpg,553,554,4,0,0.5498,1
circuit_1153.jpg,583,549,4,0,0.4795,1
circuit_1153.jpg,542,546,4,0,0.4681,1
circuit_1153.jpg,663,546,3,0,0.4691,1
circuit_1153.jpg,998,552,3,0,0.3697,1
circuit_1153.jpg,604,556,4,0,0.3614,1
circuit_1153.jpg,519,562,4,0,0.4245,1
circuit_1153.jpg,98,607,3,0,0.3716,1
circuit_1153.jpg,788,615,4,0,0.2759,1
circuit_1153.jpg,719,613,4,0,0.6216,1
circuit_1153.jpg,750,625,4,0,0.4141,1
circuit_1153.jpg,723,630,3,0,0.5014,1
circuit_1153.jpg,714,633,4,0,0.5333,1
circuit_1153.jpg,798,644,4,0,0.3295,1
circuit_1153.jpg,632,649,4,0,0.574,1
circuit_1153.jpg,518,662,3,0,0.3739,1
circuit_1153.jpg,581,675,4,0,0.4699,1
circuit_1153.jpg,603,668,3,0,0.5276,1
circuit_1153.jpg,548,686,4,0,0.5788,1
circuit_1153.jpg,600,683,3,0,0.5645,1
circuit_1153.jpg,518,702,4,0,0.4049,1
circuit_1153.jpg,546,701,3,0,0.5895,1
circuit_1153.jpg,820,712,4,0,0.5826,1
circuit_1153.jpg,636,725,4,0,0.4426,1
circuit_1153.jpg,518,728,3,0,0.4859,1
circuit_1153.jpg,816,729,4,0,0.6001,1
circuit_1153.jpg,654,756,3,0,0.4119,1
circuit_1162.jpg,584,320,4,0,0.4496,1
circuit_1162.jpg,623,326,4,0,0.553,1
circuit_1162.jpg,635,324,3,0,0.5884,1
circuit_1162.jpg,596,331,4,0,0.5906,1
circuit_1162.jpg,626,356,4,0,0.5645,1
circuit_1162.jpg,350,357,4,0,0.3928,1
circuit_1162.jpg,672,358,3,0,0.6287,1
circuit_1162.jpg,514,359,4,0,0.4058,1
circuit_1162.jpg,817,359,3,0,0.2986,1
circuit_1162.jpg,515,372,3,0,0.4378,1
circuit_1162.jpg,517,384,3,0,0.446,1
circuit_1162.jpg,90,438,4,0,0.4127,2
circuit_1162.jpg,53,441,4,0,0.2392,2
circuit_1162.jpg,127,447,3,0,0.5413,2
circuit_1162.jpg,429,457,4,0,0.7046,2
circuit_1162.jpg,469,461,5,0,0.8505,2
circuit_1162.jpg,128,476,4,1,0.5405,2
circuit_1162.jpg,356,482,4,1,0.4765,2
circuit_1162.jpg,818,482,3,0,0.4432,1
circuit_1162.jpg,912,482,3,0,0.3231,1
circuit_1162.jpg,459,486,4,0,0.8186,2
circuit_1162.jpg,472,486,4,0,0.8044,2
circuit_1162.jpg,528,486,4,1,0.516,2
circuit_1162.jpg,682,486,4,1,0.5007,2
circuit_1162.jpg,355,508,3,1,0.4965,2
circuit_1162.jpg,820,510,3,0,0.514,1
circuit_1162.jpg,917,514,3,0,0.3974,1
circuit_1162.jpg,355,596,3,1,0.332,3
circuit_1162.jpg,121,642,3,0,0.3384,1
circuit_1162.jpg,689,646,3,1,0.4339,3
circuit_1162.jpg,355,655,3,1,0.4119,3
circuit_1162.jpg,538,663,4,1,0.4128,3
circuit_1162.jpg,579,667,3,1,0.4312,3
circuit_1162.jpg,690,667,4,1,0.4044,3
circuit_1166.jpg,198,144,4,1,0.41,2
circuit_1166.jpg,492,146,4,1,0.3295,2
circuit_1166.jpg,502,147,3,1,0.3542,2
circuit_1166.jpg,562,151,3,1,0.3397,2
circuit_1166.jpg,686,158,3,1,0.3555,2
circuit_1166.jpg,706,159,3,1,0.3659,2
circuit_1166.jpg,756,161,3,1,0.3406,2
circuit_1166.jpg,197,270,4,1,0.3232,3
circuit_1166.jpg,104,271,3,1,0.3372,3
circuit_1166.jpg,712,272,3,0,0.3406,1
circuit_1166.jpg,843,322,3,0,0.2892,1
circuit_1166.jpg,846,348,3,0,0.2846,1
circuit_1166.jpg,849,374,3,0,0.3241,1
circuit_1166.jpg,622,396,3,0,0.3018,1
circuit_1166.jpg,852,400,4,0,0.2785,1
circuit_1166.jpg,732,401,3,0,0.2635,1
circuit_1166.jpg,416,409,4,1,0.4022,2
circuit_1166.jpg,257,410,4,1,0.406,2
circuit_1166.jpg,210,411,3,1,0.2743,2
circuit_1166.jpg,722,415,4,1,0.251,2
circuit_1166.jpg,854,420,3,0,0.3356,1
circuit_1166.jpg,711,422,3,1,0.2497,2
circuit_1166.jpg,422,432,3,1,0.3751,2
circuit_1166.jpg,855,434,3,0,0.3205,1
circuit_1166.jpg,815,490,3,0,0.445,1
circuit_1166.jpg,854,490,4,0,0.4645,1
circuit_1166.jpg,434,502,4,1,0.3312,2
circuit_1166.jpg,723,526,3,1,0.335,2
circuit_1166.jpg,126,518,3,0,0.3043,2
circuit_1166.jpg,859,525,3,0,0.4896,1
circuit_1166.jpg,182,521,4,0,0.3171,1
circuit_1166.jpg,124,530,3,0,0.3228,2
circuit_1166.jpg,863,556,3,0,0.3145,1
circuit_1166.jpg,123,569,4,1,0.3447,2
circuit_1166.jpg,731,572,3,0,0.3464,2
circuit_1166.jpg,264,602,3,1,0.3206,2
circuit_1166.jpg,729,604,3,1,0.3237,2
circuit_1166.jpg,821,608,3,0,0.2941,1
circuit_1166.jpg,259,620,3,1,0.3164,2
circuit_1166.jpg,171,630,3,1,0.2962,4
circuit_1166.jpg,118,648,3,1,0.3082,2
circuit_1166.jpg,823,656,3,0,0.3152,1
circuit_1166.jpg,459,668,4,1,0.4092,2
circuit_1166.jpg,878,678,3,0,0.2723,1
circuit_1166.jpg,882,696,3,0,0.2587,1
circuit_1166.jpg,510,726,3,1,0.3214,2
circuit_1166.jpg,513,736,3,1,0.3319,2
circuit_1166.jpg,562,742,3,1,0.3758,2
circuit_1166.jpg,830,762,4,0,0.2858,1
circuit_1166.jpg,597,766,4,1,0.3419,4
circuit_1166.jpg,592,776,3,1,0.3666,4
circuit_1166.jpg,115,778,3,1,0.4228,4
circuit_1166.jpg,731,788,3,1,0.3571,4
circuit_1166.jpg,733,802,3,1,0.5387,4
circuit_1166.jpg,166,816,4,1,0.4081,4
circuit_1166.jpg,447,821,4,1,0.3795,4
circuit_1166.jpg,231,822,3,1,0.4377,4
circuit_1166.jpg,591,825,3,1,0.3809,4
circuit_1166.jpg,434,827,3,1,0.4251,4
circuit_1166.jpg,786,833,5,1,0.4196,4
circuit_1166.jpg,290,831,3,1,0.3069,4
circuit_1166.jpg,616,833,3,1,0.3387,4
circuit_1166.jpg,628,834,3,1,0.3366,4
circuit_1166.jpg,734,834,4,1,0.4955,4
circuit_1166.jpg,893,840,4,1,0.3695,4
circuit_1172.jpg,812,94,4,0,0.4352,2
circuit_1172.jpg,496,100,3,1,0.4272,2
circuit_1172.jpg,213,112,4,1,0.3405,2
circuit_1172.jpg,213,124,3,1,0.3479,2
circuit_1172.jpg,830,170,3,0,0.3073,2
circuit_1172.jpg,831,186,3,0,0.2807,2
circuit_1172.jpg,736,249,3,0,0.3649,1
circuit_1172.jpg,159,254,3,0,0.2982,3
circuit_1172.jpg,161,268,3,1,0.2934,3
circuit_1172.jpg,222,271,3,1,0.3444,3
circuit_1172.jpg,839,302,3,0,0.2709,1
circuit_1172.jpg,739,417,3,0,0.3463,1
circuit_1172.jpg,480,434,4,1,0.402,2
circuit_1172.jpg,756,440,4,0,0.3714,1
circuit_1172.jpg,243,440,4,1,0.3848,2
circuit_1172.jpg,845,443,3,0,0.4405,1
circuit_1172.jpg,740,468,3,0,0.2893,1
circuit_1172.jpg,846,468,3,0,0.4078,1
circuit_1172.jpg,847,484,3,0,0.4301,1
circuit_1172.jpg,200,516,3,0,0.2972,1
circuit_1172.jpg,79,580,4,1,0.3614,2
circuit_1172.jpg,848,604,4,0,0.3816,1
circuit_1172.jpg,76,654,3,1,0.3172,2
circuit_1172.jpg,728,656,3,0,0.3803,1
circuit_1172.jpg,725,688,4,0,0.3544,1
circuit_1172.jpg,482,704,4,1,0.3713,6
circuit_1172.jpg,538,794,3,1,0.4135,6
circuit_1172.jpg,584,810,4,1,0.3693,6
circuit_1172.jpg,783,831,4,0,0.3263,1
circuit_1172.jpg,60,883,3,1,0.3068,6
circuit_1172.jpg,240,885,4,1,0.3599,6
circuit_1172.jpg,162,888,4,1,0.4533,6
circuit_1172.jpg,216,888,3,1,0.3596,6
circuit_1172.jpg,487,898,5,1,0.423,6
circuit_1172.jpg,576,906,4,1,0.391,6
circuit_1172.jpg,714,916,3,1,0.4028,6
circuit_1172.jpg,852,918,4,1,0.3969,6
circuit_1183.jpg,672,374,3,0,0.3136,1
circuit_1183.jpg,588,375,4,0,0.3374,1
circuit_1183.jpg,744,375,3,0,0.3678,1
circuit_1183.jpg,426,377,3,1,0.4661,2
circuit_1183.jpg,745,622,3,0,0.3832,3
circuit_1183.jpg,438,636,3,0,0.5033,3
circuit_1183.jpg,602,643,4,1,0.4601,3
circuit_1183.jpg,196,649,4,1,0.295,3
circuit_1183.jpg,392,650,3,1,0.325,3
circuit_1183.jpg,437,650,4,1,0.4811,3
circuit_1194.jpg,760,96,3,0,0.4157,1
circuit_1194.jpg,173,102,3,0,0.392,1
circuit_1194.jpg,759,130,3,0,0.4365,1
circuit_1194.jpg,169,181,4,0,0.4078,1
circuit_1194.jpg,546,194,4,0,0.4533,1
circuit_1194.jpg,604,194,3,0,0.4017,1
circuit_1194.jpg,388,198,4,0,0.3342,1
circuit_1194.jpg,760,212,4,0,0.5067,1
circuit_1194.jpg,994,212,3,0,0.3887,1
circuit_1194.jpg,542,239,3,1,0.4541,2
circuit_1194.jpg,539,290,4,1,0.43,2
circuit_1194.jpg,458,296,4,1,0.4285,2
circuit_1194.jpg,996,362,3,0,0.3213,1
circuit_1194.jpg,995,410,3,0,0.3222,1
circuit_1194.jpg,700,418,3,0,0.3666,1
circuit_1194.jpg,854,417,3,0,0.3835,1
circuit_1194.jpg,281,488,3,0,0.326,2
circuit_1194.jpg,694,490,4,0,0.4804,1
circuit_1194.jpg,424,490,4,1,0.5305,2
circuit_1194.jpg,463,492,5,1,0.4564,2
circuit_1194.jpg,852,504,4,0,0.3495,1
circuit_1194.jpg,990,511,4,0,0.3597,1
circuit_1194.jpg,672,535,4,0,0.4251,1
circuit_1194.jpg,277,589,4,1,0.4938,2
circuit_1194.jpg,422,604,4,1,0.434,2
circuit_1194.jpg,285,621,3,0,0.5021,1
circuit_1194.jpg,995,694,3,0,0.3198,1
circuit_1194.jpg,654,712,3,0,0.3894,1
circuit_1194.jpg,820,716,3,0,0.3916,1
circuit_1194.jpg,650,799,4,0,0.4468,1
circuit_1194.jpg,453,797,3,0,0.3619,2
circuit_1194.jpg,823,822,3,0,0.3405,1
circuit_1194.jpg,658,847,3,0,0.4128,1
circuit_1201.jpg,474,168,3,0,0.4246,1
circuit_1201.jpg,250,270,3,0,0.4817,1
circuit_1201.jpg,173,273,3,0,0.3874,1
circuit_1201.jpg,719,342,3,1,0.3353,2
circuit_1201.jpg,465,428,5,1,0.5385,2
circuit_1201.jpg,807,426,4,0,0.4233,1
circuit_1201.jpg,243,428,3,0,0.4429,1
circuit_1201.jpg,682,427,3,0,0.3267,1
circuit_1201.jpg,865,428,3,0,0.2903,1
circuit_1201.jpg,567,522,3,0,0.436,1
circuit_1201.jpg,49,554,4,0,0.4865,1
circuit_1201.jpg,812,600,4,0,0.4062,1
circuit_1201.jpg,721,624,4,0,0.4084,1
circuit_1201.jpg,722,640,3,0,0.391,1
circuit_1201.jpg,454,652,3,1,0.3687,2
circuit_1201.jpg,724,666,3,0,0.3957,1
circuit_1201.jpg,561,668,3,0,0.3211,1
circuit_1201.jpg,453,672,3,1,0.3606,2
circuit_1201.jpg,138,679,4,1,0.4221,2
circuit_1201.jpg,114,683,4,0,0.3969,2
circuit_1201.jpg,68,694,5,0,0.2771,2
circuit_1201.jpg,95,692,4,0,0.3528,2
circuit_1201.jpg,82,696,4,0,0.2699,2
circuit_1201.jpg,818,726,3,0,0.4494,1
circuit_1201.jpg,453,744,4,1,0.4584,2
circuit_1201.jpg,643,775,3,1,0.3998,2
circuit_1201.jpg,784,777,3,0,0.4289,1
circuit_1201.jpg,644,798,4,1,0.4328,2
circuit_1201.jpg,552,803,3,1,0.3332,2
circuit_1201.jpg,459,810,4,1,0.4128,2
circuit_1201.jpg,568,814,4,1,0.3414,2
circuit_1201.jpg,459,850,3,1,0.3838,2
circuit_1201.jpg,722,852,4,1,0.459,2
circuit_1201.jpg,816,857,4,1,0.4196,2
circuit_1201.jpg,663,858,3,1,0.457,2
circuit_1201.jpg,30,923,3,0,0.3649,2
circuit_1201.jpg,128,928,3,1,0.4978,2
circuit_1201.jpg,130,939,3,1,0.4889,2
circuit_1201.jpg,225,948,3,1,0.5855,2
circuit_1201.jpg,566,946,4,1,0.4136,2
circuit_1201.jpg,655,949,4,1,0.4047,2
circuit_1201.jpg,273,950,4,0,0.5596,2
circuit_1201.jpg,332,950,3,0,0.3936,2
circuit_1201.jpg,468,950,4,1,0.4363,2
circuit_1202.jpg,706,368,4,1,0.4169,2
circuit_1202.jpg,165,370,4,1,0.3684,2
circuit_1202.jpg,550,371,4,1,0.4412,2
circuit_1202.jpg,586,371,3,1,0.515,2
circuit_1202.jpg,466,373,3,1,0.36,2
circuit_1202.jpg,477,550,3,1,0.289,3
circuit_1202.jpg,604,556,3,0,0.3108,3
circuit_1202.jpg,717,599,4,1,0.3442,3
circuit_1202.jpg,851,601,4,1,0.343,3
circuit_1202.jpg,603,610,3,1,0.4364,3
circuit_1202.jpg,478,616,3,1,0.3788,3
circuit_1202.jpg,158,616,3,1,0.388,3
circuit_1203.jpg,215,373,3,0,0.3384,1
circuit_1203.jpg,364,373,3,0,0.2859,1
circuit_1203.jpg,420,373,4,0,0.3836,1
circuit_1203.jpg,639,382,3,0,0.3507,1
circuit_1203.jpg,776,382,3,0,0.3498,1
circuit_1203.jpg,849,388,3,0,0.3446,1
circuit_1203.jpg,491,414,4,0,0.5137,1
circuit_1203.jpg,635,414,4,0,0.2768,1
circuit_1203.jpg,508,411,4,0,0.5619,1
circuit_1203.jpg,522,411,4,0,0.5035,1
circuit_1203.jpg,585,419,4,0,0.3373,1
circuit_1203.jpg,508,419,4,0,0.5396,1
circuit_1203.jpg,524,419,4,0,0.5034,1
circuit_1203.jpg,558,420,4,0,0.4302,1
circuit_1203.jpg,568,423,4,0,0.3547,1
circuit_1203.jpg,457,536,4,0,0.4876,1
circuit_1203.jpg,225,547,4,0,0.2628,1
circuit_1203.jpg,244,546,4,0,0.2921,1
circuit_1203.jpg,282,550,4,0,0.2477,1
circuit_1203.jpg,299,550,3,0,0.3008,1
circuit_1203.jpg,326,547,4,0,0.2889,1
circuit_1203.jpg,455,550,4,0,0.4618,1
circuit_1203.jpg,466,548,4,0,0.548,1
circuit_1203.jpg,498,555,4,0,0.3856,1
circuit_1203.jpg,855,584,3,0,0.3019,1
circuit_1203.jpg,435,586,3,0,0.3822,1
circuit_1203.jpg,221,649,3,0,0.368,1
circuit_1203.jpg,854,647,3,0,0.4036,1
circuit_1203.jpg,788,649,3,0,0.41,1
circuit_1203.jpg,432,652,4,0,0.4462,1
circuit_1203.jpg,641,655,4,0,0.4634,1
circuit_1204.jpg,198,330,3,1,0.3401,2
circuit_1204.jpg,589,350,3,1,0.3308,3
circuit_1204.jpg,203,409,3,1,0.4107,2
circuit_1204.jpg,467,410,3,1,0.3867,3
circuit_1204.jpg,540,412,3,1,0.3397,3
circuit_1204.jpg,552,413,3,1,0.372,3
circuit_1204.jpg,594,415,3,1,0.4004,3
circuit_1204.jpg,610,417,3,1,0.3727,3
circuit_1204.jpg,770,423,3,1,0.3957,2
circuit_1204.jpg,214,548,3,1,0.3686,4
circuit_1204.jpg,216,586,3,1,0.3321,4
circuit_1204.jpg,477,590,4,1,0.3981,4
circuit_1205.jpg,398,380,5,0,0.3965,1
circuit_1205.jpg,362,381,3,0,0.3845,1
circuit_1205.jpg,139,387,3,0,0.3925,1
circuit_1205.jpg,177,614,3,1,0.3334,2
circuit_1205.jpg,420,617,4,1,0.4477,2
circuit_1205.jpg,456,616,4,1,0.4219,2
circuit_1205.jpg,706,617,3,1,0.3968,2
circuit_1205.jpg,252,628,3,1,0.3373,2
circuit_1205.jpg,181,631,3,1,0.2994,2
circuit_1209.jpg,62,45,4,1,0.4519,4
circuit_1209.jpg,257,56,4,1,0.377,4
circuit_1209.jpg,415,61,4,1,0.3874,4
circuit_1209.jpg,52,64,3,1,0.4291,4
circuit_1209.jpg,628,70,3,1,0.4165,4
circuit_1209.jpg,790,90,3,1,0.2844,4
circuit_1209.jpg,261,94,3,1,0.4113,4
circuit_1209.jpg,794,110,3,1,0.2876,4
circuit_1209.jpg,422,110,3,1,0.2951,4
circuit_1209.jpg,798,129,3,1,0.2698,4
circuit_1209.jpg,425,128,3,1,0.2881,4
circuit_1209.jpg,632,138,3,1,0.2932,4
circuit_1209.jpg,268,152,3,1,0.2821,4
circuit_1209.jpg,56,162,3,1,0.2863,4
circuit_1209.jpg,270,164,3,1,0.2818,4
circuit_1209.jpg,430,164,3,1,0.2929,4
circuit_1209.jpg,434,182,3,1,0.28,4
circuit_1209.jpg,54,211,4,1,0.3206,4
circuit_1209.jpg,437,210,3,1,0.2856,4
circuit_1209.jpg,278,228,4,1,0.4603,4
circuit_1209.jpg,392,235,3,1,0.3506,4
circuit_1209.jpg,704,248,3,1,0.3019,4
circuit_1209.jpg,772,255,3,1,0.3646,4
circuit_1209.jpg,794,258,4,1,0.3482,4
circuit_1209.jpg,470,261,3,1,0.4147,4
circuit_1209.jpg,448,268,3,1,0.4095,4
circuit_1209.jpg,798,314,3,1,0.2853,4
circuit_1209.jpg,451,376,3,1,0.2355,4
circuit_1209.jpg,454,395,3,1,0.2503,4
circuit_1209.jpg,457,405,3,1,0.2319,4
circuit_1209.jpg,284,421,3,1,0.3909,4
circuit_1209.jpg,496,428,4,1,0.3394,4
circuit_1209.jpg,796,432,4,1,0.4239,4
circuit_1209.jpg,648,439,4,1,0.2361,4
circuit_1209.jpg,470,456,4,1,0.2664,4
circuit_1209.jpg,471,576,4,1,0.4206,3
circuit_1209.jpg,281,598,4,0,0.4446,2
circuit_1209.jpg,388,600,3,0,0.3121,2
circuit_1209.jpg,412,601,3,0,0.3505,2
circuit_1209.jpg,436,602,3,0,0.4934,2
circuit_1209.jpg,505,604,4,1,0.5009,3
circuit_1209.jpg,679,607,4,1,0.3092,3
circuit_1209.jpg,795,610,5,1,0.3611,3
circuit_1209.jpg,655,615,4,1,0.3148,4
circuit_1209.jpg,454,635,4,1,0.4741,3
circuit_1209.jpg,285,674,3,0,0.329,2
circuit_1209.jpg,659,736,4,0,0.3649,1
circuit_1209.jpg,677,740,4,0,0.4135,1
circuit_1209.jpg,740,739,4,0,0.2684,1
circuit_1209.jpg,658,746,4,0,0.4673,1
circuit_1209.jpg,465,793,4,0,0.3209,2
circuit_1209.jpg,782,808,4,0,0.4049,2
circuit_1209.jpg,653,826,3,0,0.2694,1
circuit_1209.jpg,50,863,3,0,0.374,2
circuit_1209.jpg,291,888,4,0,0.3766,2
circuit_1209.jpg,364,896,3,0,0.3513,2
circuit_1209.jpg,384,898,3,0,0.3428,2
circuit_1209.jpg,658,904,3,0,0.4239,2
circuit_1209.jpg,440,906,3,0,0.4881,2
circuit_1209.jpg,467,912,4,0,0.493,2
circuit_1209.jpg,496,916,3,0,0.514,2
circuit_1209.jpg,566,924,3,0,0.428,2
circuit_1209.jpg,588,926,3,0,0.4321,2
circuit_1209.jpg,600,929,3,0,0.4303,2
circuit_1209.jpg,659,933,3,0,0.457,2
circuit_1209.jpg,770,945,3,0,0.3937,2
circuit_1233.jpg,456,253,3,1,0.4205,2
circuit_1233.jpg,82,260,3,0,0.4273,2
circuit_1233.jpg,233,262,4,0,0.3593,2
circuit_1233.jpg,300,335,3,0,0.3232,1
circuit_1233.jpg,79,344,3,0,0.3103,2
circuit_1233.jpg,458,402,4,0,0.3656,1
circuit_1233.jpg,700,400,4,0,0.3911,1
circuit_1233.jpg,256,403,3,0,0.4214,1
circuit_1233.jpg,286,404,3,0,0.3799,1
circuit_1233.jpg,882,474,3,0,0.4613,1
circuit_1233.jpg,79,484,4,0,0.3557,1
circuit_1233.jpg,166,481,3,0,0.3372,1
circuit_1233.jpg,73,520,3,0,0.337,1
circuit_1233.jpg,476,529,3,0,0.3759,1
circuit_1233.jpg,696,529,3,0,0.3386,1
circuit_1233.jpg,188,535,4,0,0.3667,1
circuit_1233.jpg,200,533,3,0,0.3308,1
circuit_1233.jpg,302,535,4,0,0.278,1
circuit_1233.jpg,793,544,3,0,0.3562,1
circuit_1233.jpg,915,585,4,0,0.2684,1
circuit_1233.jpg,973,600,4,0,0.4578,1
circuit_1233.jpg,992,597,4,0,0.4085,1
circuit_1233.jpg,964,615,4,0,0.4613,1
circuit_1233.jpg,990,621,5,0,0.5327,1
circuit_1233.jpg,303,620,3,0,0.3527,1
circuit_1233.jpg,972,628,4,0,0.4013,1
circuit_1233.jpg,794,634,4,0,0.4109,1
circuit_1233.jpg,71,638,3,0,0.4189,1
circuit_1233.jpg,970,646,4,0,0.4492,1
circuit_1233.jpg,984,643,4,0,0.4487,1
circuit_1233.jpg,70,685,4,0,0.404,1
circuit_1233.jpg,863,687,4,0,0.4048,1
circuit_1233.jpg,190,688,4,0,0.4085,1
circuit_1233.jpg,352,690,3,0,0.4292,1
circuit_1233.jpg,480,689,4,0,0.4149,1
circuit_1233.jpg,693,693,4,0,0.3929,1
circuit_1233.jpg,966,692,3,0,0.409,1
circuit_1239.jpg,400,360,3,0,0.4582,1
circuit_1239.jpg,623,394,3,0,0.3401,1
circuit_1239.jpg,215,502,4,0,0.4079,1
circuit_1239.jpg,407,502,4,0,0.5477,1
circuit_1239.jpg,622,510,4,0,0.3584,1
circuit_1239.jpg,219,657,4,0,0.3812,1
circuit_1239.jpg,416,655,4,0,0.4536,1
circuit_1239.jpg,624,656,3,0,0.321,1
circuit_1241.jpg,330,149,3,1,0.3443,2
circuit_1241.jpg,426,154,3,1,0.3717,2
circuit_1241.jpg,502,154,3,1,0.4194,2
circuit_1241.jpg,658,270,3,0,0.3409,1
circuit_1241.jpg,694,272,3,0,0.3712,1
circuit_1241.jpg,722,274,3,0,0.3094,1
circuit_1241.jpg,112,286,3,1,0.3998,4
circuit_1241.jpg,208,293,4,1,0.4827,4
circuit_1241.jpg,215,398,4,1,0.3542,3
circuit_1241.jpg,248,398,3,1,0.3943,3
circuit_1241.jpg,478,401,4,1,0.4481,2
circuit_1241.jpg,772,406,5,0,0.439,1
circuit_1241.jpg,590,408,3,0,0.4331,1
circuit_1241.jpg,615,411,5,0,0.3847,1
circuit_1241.jpg,586,425,4,0,0.5648,1
circuit_1241.jpg,608,428,4,0,0.5949,1
circuit_1241.jpg,542,432,4,0,0.2459,1
circuit_1241.jpg,565,430,4,0,0.4519,1
circuit_1241.jpg,116,436,3,1,0.3847,4
circuit_1241.jpg,150,504,3,1,0.3641,4
circuit_1241.jpg,776,513,4,0,0.3857,1
circuit_1241.jpg,834,517,3,0,0.3292,1
circuit_1241.jpg,605,529,3,1,0.3267,2
circuit_1241.jpg,982,534,3,0,0.3189,1
circuit_1241.jpg,607,544,3,1,0.3606,2
circuit_1241.jpg,989,572,3,0,0.3206,1
circuit_1241.jpg,992,592,3,0,0.3749,1
circuit_1241.jpg,728,614,3,0,0.3784,1
circuit_1241.jpg,773,617,3,0,0.3577,1
circuit_1241.jpg,990,618,3,0,0.3647,1
circuit_1241.jpg,889,621,3,0,0.3036,1
circuit_1241.jpg,956,622,3,0,0.4305,1
circuit_1241.jpg,612,630,3,1,0.331,2
circuit_1241.jpg,476,638,3,1,0.3339,2
circuit_1241.jpg,956,638,3,0,0.4059,1
circuit_1241.jpg,202,646,3,1,0.3187,2
circuit_1241.jpg,200,664,3,1,0.3298,2
circuit_1241.jpg,774,684,4,0,0.3281,1
circuit_1241.jpg,482,720,3,1,0.3491,2
circuit_1241.jpg,486,746,4,1,0.344,2
circuit_1241.jpg,726,771,4,0,0.3664,1
circuit_1241.jpg,529,824,3,1,0.402,2
circuit_1241.jpg,881,841,3,0,0.3203,1
circuit_1241.jpg,128,907,3,1,0.3547,4
circuit_1241.jpg,176,910,3,1,0.3463,4
circuit_1241.jpg,488,917,4,1,0.3734,4
circuit_1241.jpg,600,920,4,1,0.4593,4
circuit_1241.jpg,731,925,4,1,0.4173,4
circuit_1243.jpg,201,208,3,0,0.3291,1
circuit_1243.jpg,411,207,4,0,0.3253,1
circuit_1243.jpg,580,222,3,0,0.2979,1
circuit_1243.jpg,113,275,3,0,0.3118,1
circuit_1243.jpg,197,278,4,0,0.4961,1
circuit_1243.jpg,412,298,3,0,0.4516,1
circuit_1243.jpg,582,300,4,0,0.5165,1
circuit_1243.jpg,746,307,4,0,0.4019,1
circuit_1243.jpg,220,313,4,0,0.4599,1
circuit_1243.jpg,588,326,3,0,0.5558,1
circuit_1243.jpg,563,328,3,0,0.4803,1
circuit_1243.jpg,556,418,4,0,0.3719,1
circuit_1243.jpg,496,424,3,0,0.4169,1
circuit_1243.jpg,486,442,3,0,0.4029,1
circuit_1243.jpg,611,446,3,0,0.3037,1
circuit_1243.jpg,482,490,3,0,0.4607,1
circuit_1243.jpg,608,516,4,0,0.5008,1
circuit_1243.jpg,482,520,4,0,0.4638,1
circuit_1243.jpg,398,520,4,0,0.4277,1
circuit_1243.jpg,859,522,4,0,0.351,1
circuit_1243.jpg,179,528,3,0,0.343,2
circuit_1243.jpg,751,528,4,0,0.4783,1
circuit_1243.jpg,616,553,4,0,0.3856,1
circuit_1243.jpg,397,590,3,0,0.3451,1
circuit_1243.jpg,94,595,3,1,0.3927,2
circuit_1243.jpg,173,595,3,1,0.4998,2
circuit_1243.jpg,92,603,3,1,0.4183,2
circuit_1243.jpg,390,604,3,0,0.3806,1
circuit_1243.jpg,200,631,3,0,0.3981,1
circuit_1243.jpg,766,658,3,0,0.3818,1
circuit_1243.jpg,598,675,4,0,0.3397,1
circuit_1243.jpg,765,696,3,0,0.4103,1
circuit_1243.jpg,856,743,4,0,0.2938,1
circuit_1243.jpg,594,744,3,0,0.3801,1
circuit_1243.jpg,490,747,3,0,0.3454,1
circuit_1243.jpg,763,752,3,0,0.4224,1
circuit_1243.jpg,592,790,3,0,0.3506,1
circuit_1244.jpg,161,95,5,0,0.3546,2
circuit_1244.jpg,523,113,3,0,0.3681,1
circuit_1244.jpg,564,115,3,0,0.3339,1
circuit_1244.jpg,694,123,3,0,0.3604,1
circuit_1244.jpg,162,166,4,1,0.4773,2
circuit_1244.jpg,149,166,5,1,0.4872,2
circuit_1244.jpg,114,167,4,1,0.4848,2
circuit_1244.jpg,518,199,4,0,0.385,1
circuit_1244.jpg,352,204,3,0,0.4289,1
circuit_1244.jpg,201,212,4,0,0.3597,1
circuit_1244.jpg,692,225,4,0,0.4345,1
circuit_1244.jpg,999,239,3,0,0.4662,1
circuit_1244.jpg,519,250,4,1,0.3286,2
circuit_1244.jpg,532,249,3,1,0.4123,2
circuit_1244.jpg,520,278,3,1,0.3633,2
circuit_1244.jpg,762,363,3,0,0.3257,1
circuit_1244.jpg,522,368,3,1,0.3262,2
circuit_1244.jpg,435,374,3,1,0.4024,2
circuit_1244.jpg,611,426,3,0,0.411,1
circuit_1244.jpg,200,439,3,0,0.3652,1
circuit_1244.jpg,185,442,4,0,0.3423,1
circuit_1244.jpg,386,446,3,1,0.467,2
circuit_1244.jpg,434,446,4,1,0.5197,2
circuit_1244.jpg,612,450,4,0,0.4199,1
circuit_1244.jpg,754,470,4,0,0.3889,1
circuit_1244.jpg,988,478,4,0,0.3961,1
circuit_1244.jpg,186,542,3,0,0.4739,1
circuit_1244.jpg,186,578,4,0,0.4927,1
circuit_1244.jpg,112,581,3,0,0.3327,1
circuit_1244.jpg,386,606,3,1,0.3867,2
circuit_1244.jpg,608,708,4,0,0.3322,1
circuit_1244.jpg,992,738,3,0,0.333,1
circuit_1244.jpg,938,780,3,0,0.2858,1
circuit_1244.jpg,994,779,3,0,0.3944,1
circuit_1244.jpg,834,782,3,0,0.3658,1
circuit_1244.jpg,604,822,4,0,0.4234,1
circuit_1244.jpg,442,832,4,0,0.3732,2
circuit_1244.jpg,835,836,4,0,0.3672,1
circuit_125.jpg,178,396,4,0,0.4144,1
circuit_125.jpg,380,396,4,1,0.4029,2
circuit_125.jpg,574,398,4,1,0.3889,2
circuit_125.jpg,774,402,3,1,0.3612,2
circuit_125.jpg,393,590,3,1,0.2806,4
circuit_125.jpg,195,596,3,1,0.2922,4
circuit_125.jpg,484,638,4,1,0.3597,4
circuit_125.jpg,789,637,3,1,0.3847,4
circuit_125.jpg,398,640,4,1,0.3618,4
circuit_125.jpg,584,641,3,1,0.4029,4
circuit_125.jpg,204,644,3,1,0.2794,4
circuit_1252.jpg,650,193,3,0,0.3919,2
circuit_1252.jpg,780,194,3,0,0.4488,2
circuit_1252.jpg,338,196,3,1,0.3504,2
circuit_1252.jpg,428,195,3,1,0.4164,2
circuit_1252.jpg,496,195,4,1,0.402,2
circuit_1252.jpg,208,197,3,1,0.3815,2
circuit_1252.jpg,370,197,3,1,0.3401,2
circuit_1252.jpg,844,198,3,0,0.4173,2
circuit_1252.jpg,207,210,3,1,0.3771,2
circuit_1252.jpg,109,321,3,1,0.3559,3
circuit_1252.jpg,200,322,4,1,0.3598,3
circuit_1252.jpg,857,396,3,1,0.3191,2
circuit_1252.jpg,712,432,4,1,0.5263,2
circuit_1252.jpg,726,448,4,1,0.5982,2
circuit_1252.jpg,212,455,4,1,0.3411,2
circuit_1252.jpg,702,453,4,1,0.5918,2
circuit_1252.jpg,858,458,4,1,0.5017,2
circuit_1252.jpg,402,459,4,0,0.4886,1
circuit_1252.jpg,706,469,4,1,0.6597,2
circuit_1252.jpg,707,524,3,1,0.4113,2
circuit_1252.jpg,148,538,3,0,0.4172,1
circuit_1252.jpg,211,596,3,1,0.3016,2
circuit_1252.jpg,460,603,3,0,0.3883,1
circuit_1252.jpg,44,639,3,1,0.3404,2
circuit_1252.jpg,628,652,4,0,0.4114,1
circuit_1252.jpg,625,664,3,0,0.4121,1
circuit_1252.jpg,620,678,4,0,0.3328,1
circuit_1252.jpg,608,683,3,0,0.2839,1
circuit_1252.jpg,415,702,4,1,0.3199,5
circuit_1252.jpg,530,756,3,1,0.5459,5
circuit_1252.jpg,464,758,3,1,0.3351,5
circuit_1252.jpg,539,757,3,1,0.5538,5
circuit_1252.jpg,465,776,4,1,0.3302,5
circuit_1252.jpg,791,776,3,0,0.3252,1
circuit_1252.jpg,540,777,4,1,0.5745,5
circuit_1252.jpg,411,826,3,1,0.3613,5
circuit_1252.jpg,508,825,3,1,0.3131,5
circuit_1252.jpg,528,826,4,1,0.4429,5
circuit_1252.jpg,151,829,4,1,0.4007,5
circuit_1252.jpg,212,828,4,1,0.389,5
circuit_1252.jpg,182,829,3,1,0.4171,5
circuit_1252.jpg,612,831,4,1,0.4517,5
circuit_1252.jpg,106,832,4,1,0.4327,5
circuit_1252.jpg,59,835,3,1,0.3803,5
circuit_1252.jpg,847,837,4,1,0.3221,5
circuit_1256.jpg,615,136,4,1,0.4153,5
circuit_1256.jpg,326,139,4,1,0.5126,5
circuit_1256.jpg,472,139,4,1,0.4424,5
circuit_1256.jpg,178,142,4,1,0.325,5
circuit_1256.jpg,467,172,3,1,0.4422,5
circuit_1256.jpg,731,285,4,1,0.3919,4
circuit_1256.jpg,646,288,3,1,0.3997,4
circuit_1256.jpg,812,287,3,1,0.3651,4
circuit_1256.jpg,262,290,3,1,0.3323,4
circuit_1256.jpg,492,290,3,1,0.3375,4
circuit_1256.jpg,880,290,3,1,0.3222,4
circuit_1256.jpg,240,292,3,1,0.3573,4
circuit_1256.jpg,608,306,3,1,0.3328,4
circuit_1256.jpg,460,410,4,1,0.4713,5
circuit_1256.jpg,303,414,4,1,0.4798,5
circuit_1256.jpg,606,414,4,1,0.4039,5
circuit_1256.jpg,731,417,4,1,0.5536,5
circuit_1256.jpg,856,425,4,1,0.4719,5
circuit_1256.jpg,598,551,4,1,0.316,5
circuit_1256.jpg,456,555,4,1,0.4495,5
circuit_1256.jpg,835,554,6,1,0.3841,5
circuit_1256.jpg,306,556,3,1,0.3184,5
circuit_1256.jpg,854,556,4,1,0.3389,5
circuit_1256.jpg,721,581,4,1,0.4395,5
circuit_1256.jpg,851,713,4,1,0.4408,5
circuit_1256.jpg,672,722,3,1,0.3276,5
circuit_1256.jpg,734,722,4,1,0.4864,5
circuit_1256.jpg,600,724,4,1,0.4062,5
circuit_1256.jpg,462,725,4,1,0.3993,5
circuit_1256.jpg,733,752,3,1,0.5018,5
circuit_1256.jpg,461,870,3,1,0.3532,2
circuit_1256.jpg,850,873,4,1,0.3541,5
circuit_1256.jpg,474,873,3,1,0.3608,2
circuit_1256.jpg,728,873,3,1,0.4252,5
circuit_1256.jpg,764,878,3,1,0.4308,5
circuit_1258.jpg,644,333,4,1,0.3241,2
circuit_1258.jpg,530,342,3,1,0.4274,2
circuit_1258.jpg,542,341,3,1,0.4308,2
circuit_1258.jpg,645,344,3,1,0.3156,2
circuit_1258.jpg,506,346,4,1,0.3959,2
circuit_1258.jpg,442,356,3,1,0.3477,2
circuit_1258.jpg,300,363,3,0,0.4163,1
circuit_1258.jpg,289,365,4,0,0.3848,1
circuit_1258.jpg,146,378,3,0,0.3288,1
circuit_1258.jpg,515,454,3,0,0.2881,2
circuit_1258.jpg,519,492,3,0,0.4252,2
circuit_1258.jpg,318,494,3,0,0.3859,1
circuit_1258.jpg,522,510,3,0,0.4425,2
circuit_1258.jpg,320,512,3,0,0.3814,1
circuit_1258.jpg,152,513,3,0,0.2784,1
circuit_1258.jpg,610,519,4,1,0.4471,2
circuit_1258.jpg,520,528,3,1,0.4168,2
circuit_1258.jpg,321,535,4,0,0.4671,1
circuit_1258.jpg,302,539,3,0,0.3726,1
circuit_1258.jpg,276,542,3,0,0.4033,1
circuit_1258.jpg,161,548,3,0,0.335,1
circuit_1262.jpg,574,380,4,0,0.3704,1
circuit_1262.jpg,866,383,4,1,0.3052,2
circuit_1262.jpg,868,412,3,1,0.3594,2
circuit_1262.jpg,579,434,3,0,0.2979,1
circuit_1262.jpg,580,444,3,0,0.2931,1
circuit_1262.jpg,548,553,4,0,0.3149,3
circuit_1262.jpg,566,553,3,0,0.3319,3
circuit_1262.jpg,589,555,3,0,0.3773,3
circuit_1262.jpg,594,588,3,0,0.3973,3
circuit_1262.jpg,597,602,3,0,0.2949,3
circuit_1262.jpg,602,655,4,1,0.4749,3
circuit_1262.jpg,882,652,3,1,0.416,3
circuit_1262.jpg,218,659,3,1,0.324,3
circuit_1262.jpg,346,661,3,1,0.28,3
circuit_1262.jpg,496,662,3,1,0.282,3
circuit_1262.jpg,252,663,3,1,0.303,3
circuit_1268.jpg,619,238,3,1,0.4706,3
circuit_1268.jpg,429,239,3,1,0.3283,2
circuit_1268.jpg,806,243,4,1,0.4565,3
circuit_1268.jpg,246,245,4,0,0.4564,1
circuit_1268.jpg,38,256,3,0,0.3877,1
circuit_1268.jpg,940,255,4,1,0.3856,3
circuit_1268.jpg,245,292,3,0,0.3384,1
circuit_1268.jpg,428,292,3,0,0.3248,2
circuit_1268.jpg,641,358,4,0,0.3845,1
circuit_1268.jpg,934,360,4,1,0.3973,3
circuit_1268.jpg,818,366,4,0,0.3028,1
circuit_1268.jpg,239,370,3,0,0.5257,1
circuit_1268.jpg,456,379,4,0,0.4757,1
circuit_1268.jpg,636,374,4,0,0.3407,1
circuit_1268.jpg,404,377,3,0,0.426,1
circuit_1268.jpg,614,377,4,1,0.3599,3
circuit_1268.jpg,372,380,3,0,0.3274,1
circuit_1268.jpg,354,382,3,0,0.3374,1
circuit_1268.jpg,270,390,4,0,0.5284,1
circuit_1268.jpg,196,395,3,0,0.4011,1
circuit_1268.jpg,168,399,3,0,0.3331,1
circuit_1268.jpg,239,402,4,0,0.5633,1
circuit_1268.jpg,122,406,3,0,0.3145,1
circuit_1268.jpg,36,417,4,0,0.4823,1
circuit_1268.jpg,800,527,4,1,0.431,3
circuit_1268.jpg,640,529,5,0,0.4415,1
circuit_1268.jpg,613,548,5,1,0.4769,3
circuit_1268.jpg,212,565,3,0,0.2672,1
circuit_1268.jpg,314,563,3,0,0.3365,1
circuit_1268.jpg,880,570,3,1,0.3897,3
circuit_1268.jpg,928,570,4,1,0.3993,3
circuit_1268.jpg,34,573,4,0,0.5167,1
circuit_1268.jpg,29,672,3,0,0.344,1
circuit_1268.jpg,613,711,4,1,0.4425,3
circuit_1268.jpg,922,712,4,1,0.4821,3
circuit_1268.jpg,258,722,3,0,0.5237,1
circuit_1268.jpg,421,714,3,0,0.378,2
circuit_1268.jpg,210,722,3,0,0.4487,1
circuit_1268.jpg,80,723,3,0,0.2804,1
circuit_1268.jpg,29,727,4,0,0.4685,1
circuit_1268.jpg,916,896,4,1,0.3403,3
circuit_1268.jpg,224,906,4,0,0.51,1
circuit_1272.jpg,454,221,4,1,0.4727,3
circuit_1272.jpg,198,228,3,1,0.3172,3
circuit_1272.jpg,284,228,3,1,0.4616,3
circuit_1272.jpg,387,291,3,0,0.3031,2
circuit_1272.jpg,291,333,4,0,0.2962,2
circuit_1272.jpg,293,370,3,1,0.3879,2
circuit_1272.jpg,312,408,3,1,0.3546,2
circuit_1272.jpg,576,407,3,1,0.3852,2
circuit_1272.jpg,322,409,3,1,0.3618,2
circuit_1272.jpg,458,412,4,1,0.3932,2
circuit_1272.jpg,235,416,3,1,0.298,3
circuit_1272.jpg,387,424,4,0,0.2183,2
circuit_1272.jpg,794,470,3,1,0.3516,2
circuit_1272.jpg,238,472,3,1,0.3019,3
circuit_1272.jpg,708,489,3,0,0.304,1
circuit_1272.jpg,125,548,4,1,0.4129,3
circuit_1272.jpg,238,552,4,1,0.3864,3
circuit_1272.jpg,399,552,4,0,0.3877,3
circuit_1272.jpg,394,574,4,0,0.3691,2
circuit_1272.jpg,379,577,3,0,0.3822,2
circuit_1272.jpg,702,599,3,0,0.4391,1
circuit_1272.jpg,634,601,3,0,0.3414,1
circuit_1272.jpg,465,604,4,0,0.397,1
circuit_1272.jpg,745,608,4,1,0.407,2
circuit_1272.jpg,378,612,4,1,0.5067,2
circuit_1272.jpg,289,626,3,1,0.3378,2
circuit_1272.jpg,890,645,3,0,0.2664,5
circuit_1272.jpg,376,691,4,1,0.3039,2
circuit_1272.jpg,129,694,3,1,0.3017,5
circuit_1272.jpg,747,712,3,0,0.3372,2
circuit_1272.jpg,454,720,3,0,0.3338,5
circuit_1272.jpg,452,740,3,0,0.4399,5
circuit_1272.jpg,805,746,3,1,0.5025,5
circuit_1272.jpg,286,760,3,1,0.4146,5
circuit_1272.jpg,132,762,3,1,0.3332,5
circuit_1272.jpg,246,761,3,1,0.3539,5
circuit_1272.jpg,448,767,3,1,0.4103,5
circuit_1272.jpg,804,768,4,1,0.4328,5
circuit_1272.jpg,889,768,4,1,0.3018,5
circuit_1272.jpg,702,770,4,1,0.3952,5
circuit_1272.jpg,738,770,3,1,0.4172,5
circuit_1272.jpg,490,771,4,1,0.4325,5
circuit_136.jpg,603,358,3,0,0.3839,1
circuit_136.jpg,398,362,4,0,0.433,1
circuit_136.jpg,214,512,3,1,0.4275,2
circuit_136.jpg,613,541,4,1,0.4219,2
circuit_136.jpg,506,542,3,1,0.438,2
circuit_136.jpg,402,544,4,1,0.4657,2
circuit_136.jpg,216,547,3,1,0.3114,2
circuit_138.jpg,772,316,3,0,0.336,2
circuit_138.jpg,193,386,4,1,0.319,3
circuit_138.jpg,774,428,3,0,0.3615,2
circuit_138.jpg,196,476,3,1,0.4172,3
circuit_138.jpg,578,495,3,1,0.3063,2
circuit_138.jpg,774,506,4,1,0.5041,2
circuit_138.jpg,199,763,3,1,0.3539,2
circuit_138.jpg,222,765,3,1,0.3519,2
circuit_138.jpg,234,766,3,1,0.3807,2
circuit_138.jpg,418,772,3,1,0.2996,2
circuit_138.jpg,769,782,4,1,0.4837,2
circuit_14.jpg,811,184,3,0,0.3628,1
circuit_14.jpg,380,186,4,0,0.3581,1
circuit_14.jpg,578,187,4,0,0.3339,1
circuit_14.jpg,810,242,3,0,0.3008,1
circuit_14.jpg,246,280,4,0,0.312,1
circuit_14.jpg,377,284,4,0,0.3995,1
circuit_14.jpg,747,314,3,0,0.3235,1
circuit_14.jpg,379,366,3,0,0.3104,1
circuit_14.jpg,378,410,4,0,0.3407,1
circuit_14.jpg,500,410,4,0,0.2852,2
circuit_14.jpg,570,410,4,1,0.329,2
circuit_14.jpg,806,420,4,0,0.3386,1
circuit_14.jpg,501,438,4,0,0.3144,2
circuit_14.jpg,939,465,3,0,0.3276,1
circuit_14.jpg,670,522,3,0,0.3539,1
circuit_14.jpg,678,524,3,0,0.327,1
circuit_14.jpg,851,526,3,0,0.3717,1
circuit_14.jpg,938,532,3,0,0.3208,1
circuit_14.jpg,934,574,3,0,0.3068,1
circuit_14.jpg,145,580,4,0,0.4188,1
circuit_14.jpg,765,603,4,0,0.3298,1
circuit_14.jpg,930,602,3,0,0.2925,1
circuit_14.jpg,761,664,3,0,0.2872,1
circuit_14.jpg,567,681,3,1,0.2844,2
circuit_14.jpg,626,683,3,1,0.3384,2
circuit_14.jpg,844,684,3,0,0.2825,1
circuit_14.jpg,842,702,3,0,0.2929,1
circuit_14.jpg,759,711,4,0,0.3148,1
circuit_14.jpg,789,718,3,0,0.3442,1
circuit_14.jpg,688,741,3,0,0.2909,2
circuit_14.jpg,422,747,3,0,0.3118,1
circuit_14.jpg,452,754,3,0,0.3577,1
circuit_14.jpg,624,762,3,1,0.3506,2
circuit_14.jpg,508,764,3,0,0.3303,1
circuit_14.jpg,518,766,3,0,0.3273,1
circuit_14.jpg,694,788,4,0,0.391,2
circuit_14.jpg,282,879,4,1,0.437,2
circuit_14.jpg,151,879,3,0,0.3197,2
circuit_14.jpg,365,882,3,1,0.3684,2
circuit_14.jpg,559,896,5,0,0.3526,2
circuit_14.jpg,925,894,4,0,0.3515,2
circuit_14.jpg,684,896,3,0,0.4444,2
circuit_14.jpg,789,898,4,0,0.3676,2
circuit_14.jpg,740,899,3,0,0.3466,2
circuit_153.jpg,96,270,3,1,0.3544,4
circuit_153.jpg,252,270,3,1,0.4548,4
circuit_153.jpg,264,269,4,1,0.4135,4
circuit_153.jpg,428,271,4,1,0.4723,4
circuit_153.jpg,570,269,4,1,0.4435,5
circuit_153.jpg,710,274,4,1,0.3896,5
circuit_153.jpg,100,412,4,1,0.4492,4
circuit_153.jpg,853,416,4,1,0.4298,5
circuit_153.jpg,196,418,3,1,0.3346,4
circuit_153.jpg,326,419,3,1,0.344,4
circuit_153.jpg,245,421,3,1,0.4896,4
circuit_153.jpg,291,422,3,1,0.5734,4
circuit_153.jpg,288,430,3,1,0.5161,4
circuit_153.jpg,572,432,3,1,0.6683,5
circuit_153.jpg,272,437,4,1,0.6192,4
circuit_153.jpg,575,498,3,1,0.4332,5
circuit_153.jpg,719,566,3,1,0.4012,5
circuit_153.jpg,587,568,4,1,0.4154,5
circuit_153.jpg,107,572,4,1,0.4821,4
circuit_153.jpg,290,577,4,1,0.4904,4
circuit_153.jpg,453,574,4,1,0.5207,4
circuit_153.jpg,860,572,4,1,0.561,5
circuit_153.jpg,132,573,3,1,0.5087,4
circuit_153.jpg,438,583,4,1,0.5184,4
circuit_153.jpg,274,587,4,1,0.4445,4
circuit_153.jpg,440,737,4,1,0.3892,4
circuit_153.jpg,109,740,3,1,0.4572,4
circuit_153.jpg,484,740,3,1,0.2992,4
circuit_153.jpg,580,743,4,1,0.3796,5
circuit_153.jpg,858,748,4,1,0.4602,5
circuit_153.jpg,280,895,4,1,0.3924,4
circuit_153.jpg,222,896,3,1,0.2832,4
circuit_153.jpg,432,904,3,1,0.3378,5
circuit_153.jpg,580,906,3,1,0.3638,5
circuit_153.jpg,696,908,3,1,0.3227,5
circuit_153.jpg,855,914,4,1,0.3484,5
circuit_155.jpg,128,312,4,0,0.3015,1
circuit_155.jpg,332,319,4,0,0.3692,2
circuit_155.jpg,410,322,3,0,0.3524,2
circuit_155.jpg,424,323,3,0,0.3449,2
circuit_155.jpg,498,328,3,1,0.3741,2
circuit_155.jpg,685,333,3,0,0.348,1
circuit_155.jpg,817,336,3,0,0.3131,1
circuit_155.jpg,121,475,4,1,0.3838,3
circuit_155.jpg,330,484,4,1,0.4505,3
circuit_155.jpg,946,487,3,0,0.362,2
circuit_155.jpg,503,490,4,1,0.3955,2
circuit_155.jpg,688,491,4,1,0.4358,2
circuit_155.jpg,828,492,4,1,0.3655,2
circuit_155.jpg,831,528,3,0,0.3417,2
circuit_155.jpg,837,664,3,1,0.3704,2
circuit_155.jpg,955,664,3,0,0.2755,1
circuit_155.jpg,694,670,3,1,0.4401,2
circuit_155.jpg,134,676,4,1,0.3834,2
circuit_155.jpg,340,678,4,1,0.4397,2
circuit_155.jpg,506,678,4,1,0.438,2
circuit_170.jpg,834,333,3,0,0.544,1
circuit_170.jpg,808,336,3,0,0.3996,1
circuit_170.jpg,632,354,3,1,0.4721,2
circuit_170.jpg,404,371,4,0,0.4519,1
circuit_170.jpg,238,382,3,1,0.3617,2
circuit_170.jpg,153,393,3,1,0.3556,2
circuit_170.jpg,638,503,3,0,0.4377,2
circuit_170.jpg,420,507,3,0,0.4514,1
circuit_170.jpg,584,511,3,1,0.3973,2
circuit_170.jpg,424,529,4,0,0.4231,1
circuit_170.jpg,358,537,3,0,0.4057,1
circuit_170.jpg,340,541,3,0,0.3822,1
circuit_178.jpg,325,332,3,0,0.4187,2
circuit_178.jpg,325,354,4,0,0.4003,2
circuit_178.jpg,570,409,4,1,0.3962,2
circuit_178.jpg,326,410,4,1,0.4164,2
circuit_178.jpg,760,412,3,1,0.3216,2
circuit_178.jpg,181,420,3,0,0.3715,2
circuit_178.jpg,186,581,4,0,0.2371,3
circuit_178.jpg,277,587,4,0,0.4272,3
circuit_178.jpg,200,582,4,0,0.2133,3
circuit_178.jpg,247,588,4,0,0.3611,3
circuit_178.jpg,297,594,5,0,0.5276,3
circuit_178.jpg,570,648,4,1,0.4839,3
circuit_178.jpg,765,648,4,1,0.3502,3
circuit_178.jpg,466,652,4,1,0.4118,3
circuit_178.jpg,334,654,4,1,0.4673,3
circuit_178.jpg,174,657,3,0,0.3594,3
circuit_184.jpg,520,280,4,1,0.4758,3
circuit_184.jpg,694,281,3,1,0.3176,3
circuit_184.jpg,92,294,4,0,0.3462,1
circuit_184.jpg,314,294,4,1,0.4266,2
circuit_184.jpg,191,296,4,0,0.39,1
circuit_184.jpg,842,397,3,1,0.3476,3
circuit_184.jpg,556,402,3,0,0.3519,1
circuit_184.jpg,93,418,4,0,0.3884,1
circuit_184.jpg,334,422,4,0,0.5279,1
circuit_184.jpg,313,430,4,0,0.6066,2
circuit_184.jpg,92,520,4,0,0.4606,1
circuit_184.jpg,552,523,3,1,0.3742,3
circuit_184.jpg,697,532,3,1,0.4576,3
circuit_184.jpg,830,532,3,1,0.4545,3
circuit_184.jpg,843,532,4,1,0.4748,3
circuit_184.jpg,189,538,3,0,0.3017,1
circuit_184.jpg,842,600,3,1,0.3896,3
circuit_184.jpg,692,642,4,1,0.4212,3
circuit_184.jpg,88,644,5,0,0.4572,1
circuit_184.jpg,146,643,3,0,0.3882,1
circuit_184.jpg,314,644,3,0,0.4772,2
circuit_184.jpg,442,643,4,1,0.3359,3
circuit_184.jpg,730,644,3,1,0.3861,3
circuit_184.jpg,523,648,4,1,0.4789,3
circuit_184.jpg,836,648,4,1,0.4038,3
circuit_184.jpg,85,738,4,0,0.3479,1
circuit_184.jpg,184,742,4,0,0.4214,1
circuit_184.jpg,631,752,3,1,0.322,3
circuit_185.jpg,692,378,3,1,0.346,2
circuit_185.jpg,288,380,3,1,0.3571,2
circuit_185.jpg,220,386,3,1,0.3799,2
circuit_185.jpg,222,584,3,1,0.3919,3
circuit_185.jpg,702,592,3,1,0.3119,3
circuit_185.jpg,672,594,3,1,0.3445,3
circuit_185.jpg,470,598,4,1,0.4973,3
circuit_185.jpg,390,600,3,1,0.3614,3
circuit_185.jpg,223,610,3,1,0.3751,3
circuit_187.jpg,458,29,4,1,0.4168,6
circuit_187.jpg,624,29,4,1,0.3769,6
circuit_187.jpg,248,32,4,1,0.3731,6
circuit_187.jpg,864,35,3,1,0.3224,6
circuit_187.jpg,463,64,3,1,0.4002,6
circuit_187.jpg,466,110,3,1,0.312,6
circuit_187.jpg,60,152,3,1,0.294,6
circuit_187.jpg,259,172,4,1,0.3536,6
circuit_187.jpg,738,171,3,1,0.3492,6
circuit_187.jpg,754,172,3,1,0.3758,6
circuit_187.jpg,784,175,3,1,0.3623,6
circuit_187.jpg,63,178,3,1,0.3377,6
circuit_187.jpg,808,178,3,1,0.3611,6
circuit_187.jpg,842,180,3,1,0.3512,6
circuit_187.jpg,867,181,4,1,0.3593,6
circuit_187.jpg,72,268,3,1,0.2539,6
circuit_187.jpg,472,306,3,1,0.3192,6
circuit_187.jpg,474,324,3,1,0.3487,6
circuit_187.jpg,272,367,3,1,0.3049,6
circuit_187.jpg,694,370,3,1,0.3415,6
circuit_187.jpg,272,382,3,1,0.3134,6
circuit_187.jpg,868,384,4,1,0.3527,6
circuit_187.jpg,99,400,3,1,0.2968,6
circuit_187.jpg,104,448,3,1,0.303,6
circuit_187.jpg,284,564,4,1,0.3019,6
circuit_187.jpg,870,576,4,1,0.378,6
circuit_187.jpg,110,616,3,1,0.2935,6
circuit_187.jpg,496,774,4,1,0.2798,6
circuit_187.jpg,872,782,3,1,0.3509,6
circuit_187.jpg,112,930,3,1,0.3296,6
circuit_187.jpg,294,930,3,1,0.4692,6
circuit_187.jpg,500,943,4,1,0.3834,6
circuit_187.jpg,656,950,3,1,0.371,6
circuit_187.jpg,873,956,3,1,0.4057,6
circuit_19.jpg,806,389,3,0,0.368,1
circuit_19.jpg,540,396,3,0,0.3953,1
circuit_19.jpg,570,395,4,0,0.4101,1
circuit_19.jpg,348,401,3,0,0.3761,1
circuit_19.jpg,386,402,4,0,0.3906,1
circuit_19.jpg,570,589,3,0,0.4542,1
circuit_19.jpg,720,591,4,0,0.4028,1
circuit_19.jpg,386,595,4,1,0.3917,2
circuit_193.jpg,686,336,4,0,0.4739,1
circuit_193.jpg,803,335,3,0,0.4511,1
circuit_193.jpg,531,338,4,1,0.4841,2
circuit_193.jpg,361,343,4,0,0.4171,1
circuit_193.jpg,108,344,3,0,0.3393,1
circuit_193.jpg,358,364,3,0,0.4148,1
circuit_193.jpg,514,430,3,0,0.3554,2
circuit_193.jpg,668,438,3,0,0.4316,2
circuit_193.jpg,101,456,3,0,0.4124,2
circuit_193.jpg,508,467,4,1,0.5348,2
circuit_193.jpg,337,474,3,0,0.6193,2
circuit_193.jpg,662,481,5,0,0.4994,2
circuit_193.jpg,777,480,4,0,0.4622,2
circuit_193.jpg,502,485,4,1,0.5329,2
circuit_193.jpg,96,496,4,0,0.4515,2
circuit_193.jpg,337,497,4,1,0.5446,2
circuit_193.jpg,215,503,4,0,0.4723,2
circuit_193.jpg,334,520,3,1,0.5479,2
circuit_193.jpg,752,606,4,1,0.423,2
circuit_193.jpg,480,618,4,0,0.4022,1
circuit_193.jpg,204,620,3,0,0.3849,1
circuit_193.jpg,748,622,3,1,0.4449,2
circuit_193.jpg,312,638,3,0,0.355,1
circuit_193.jpg,478,642,3,0,0.624,1
circuit_193.jpg,93,664,3,0,0.3979,1
circuit_193.jpg,738,668,3,1,0.447,2
circuit_193.jpg,473,670,3,0,0.6704,1
circuit_193.jpg,193,674,3,0,0.5269,1
circuit_193.jpg,472,685,4,0,0.6912,1
circuit_193.jpg,454,685,4,0,0.6783,1
circuit_193.jpg,628,684,4,1,0.5331,2
circuit_193.jpg,733,685,4,1,0.4572,2
circuit_193.jpg,308,686,4,0,0.4374,1
circuit_193.jpg,438,687,4,0,0.6691,1
circuit_193.jpg,90,689,4,0,0.4218,1
circuit_193.jpg,191,690,4,0,0.4437,1
circuit_198.jpg,392,322,4,1,0.4034,2
circuit_198.jpg,552,324,3,1,0.3842,2
circuit_198.jpg,729,328,3,1,0.4313,2
circuit_198.jpg,398,438,3,0,0.4577,4
circuit_198.jpg,725,461,4,1,0.5422,3
circuit_198.jpg,872,462,4,1,0.4539,2
circuit_198.jpg,555,467,4,1,0.4341,3
circuit_198.jpg,953,465,3,1,0.4104,2
circuit_198.jpg,399,470,4,1,0.5002,4
circuit_198.jpg,136,476,4,1,0.6218,4
circuit_198.jpg,136,500,3,1,0.6081,4
circuit_198.jpg,559,500,3,1,0.395,3
circuit_198.jpg,413,596,3,1,0.3022,3
circuit_198.jpg,872,628,3,0,0.3371,1
circuit_198.jpg,148,650,3,0,0.3376,1
circuit_198.jpg,560,650,4,1,0.4053,3
circuit_198.jpg,416,652,4,1,0.3896,3
circuit_198.jpg,870,653,4,0,0.3848,1
circuit_198.jpg,741,654,4,0,0.4638,1
circuit_205.jpg,134,212,3,1,0.3504,3
circuit_205.jpg,268,219,3,1,0.4682,3
circuit_205.jpg,507,227,4,1,0.3929,3
circuit_205.jpg,365,305,4,1,0.3367,5
circuit_205.jpg,510,349,6,1,0.4332,2
circuit_205.jpg,208,473,4,1,0.5789,5
circuit_205.jpg,300,474,3,1,0.3082,5
circuit_205.jpg,228,475,4,1,0.5191,5
circuit_205.jpg,126,477,4,1,0.4092,5
circuit_205.jpg,957,488,3,1,0.5479,2
circuit_205.jpg,370,504,4,1,0.3779,5
circuit_205.jpg,367,532,3,1,0.4136,5
circuit_205.jpg,286,537,3,1,0.6571,5
circuit_205.jpg,681,556,4,0,0.298,1
circuit_205.jpg,514,558,4,0,0.3134,1
circuit_205.jpg,824,560,3,0,0.413,2
circuit_205.jpg,992,584,4,0,0.5075,5
circuit_205.jpg,972,586,4,0,0.5148,5
circuit_205.jpg,953,587,3,0,0.5202,5
circuit_205.jpg,754,632,3,1,0.3848,2
circuit_205.jpg,751,645,3,1,0.4036,2
circuit_205.jpg,812,656,3,1,0.3341,5
circuit_205.jpg,946,662,3,1,0.3149,5
circuit_205.jpg,940,683,3,1,0.3095,5
circuit_205.jpg,812,688,3,1,0.3263,5
circuit_205.jpg,677,690,4,1,0.4035,5
circuit_205.jpg,130,691,3,1,0.4385,5
circuit_205.jpg,272,696,3,1,0.3908,5
circuit_205.jpg,470,694,3,1,0.3394,5
circuit_205.jpg,518,696,3,1,0.4405,5
circuit_205.jpg,580,698,4,1,0.4774,5
circuit_210.jpg,220,252,4,1,0.3636,2
circuit_210.jpg,494,252,4,1,0.4239,2
circuit_210.jpg,94,259,3,0,0.3821,2
circuit_210.jpg,64,262,3,0,0.3435,2
circuit_210.jpg,64,274,3,0,0.3561,2
circuit_210.jpg,66,308,3,0,0.3383,2
circuit_210.jpg,428,329,3,1,0.4312,3
circuit_210.jpg,391,331,4,1,0.3181,3
circuit_210.jpg,492,363,4,1,0.4559,3
circuit_210.jpg,342,365,3,1,0.3873,3
circuit_210.jpg,744,365,3,1,0.3073,3
circuit_210.jpg,176,462,4,1,0.3626,3
circuit_210.jpg,66,464,4,1,0.3876,3
circuit_210.jpg,288,464,3,1,0.3422,3
circuit_210.jpg,416,473,3,1,0.2889,3
circuit_210.jpg,380,525,4,1,0.4557,3
circuit_210.jpg,492,543,4,0,0.3105,1
circuit_210.jpg,739,546,4,1,0.3035,3
circuit_210.jpg,844,597,3,0,0.3076,1
circuit_210.jpg,465,686,3,1,0.4602,3
circuit_210.jpg,382,687,3,1,0.5464,3
circuit_210.jpg,73,717,4,0,0.3225,2
circuit_210.jpg,416,715,3,0,0.4186,2
circuit_210.jpg,490,717,4,0,0.3932,2
circuit_210.jpg,518,718,3,0,0.3212,2
circuit_210.jpg,241,719,3,0,0.3385,2
circuit_210.jpg,574,723,4,0,0.3628,2
circuit_210.jpg,691,728,3,0,0.3751,2
circuit_210.jpg,734,730,4,1,0.3407,2
circuit_210.jpg,816,732,3,1,0.3179,2
circuit_210.jpg,844,733,4,1,0.3142,2
circuit_210.jpg,912,733,3,1,0.3288,2
