image,load,detect,textmask,wiremask,wires,stitch,nodes,snapping,netlist,repair,export,total,n_components
circuit_1074.jpg,0.003541167010553181,0.0003055419947486371,0.0027118329890072346,0.0002522080030757934,0.011993874999461696,0.04717212499235757,0.002754041983280331,0.003388584009371698,2.3542001144960523e-05,0.00011470899335108697,0.0007234170043375343,0.07298104398068972,28
circuit_1076.jpg,0.004571375000523403,0.0002716250019147992,0.0029951670148875564,0.0001928750134538859,0.01222304199473001,0.047460083005717024,0.002734500012593344,0.002822416980052367,2.0625011529773474e-05,0.00011337499017827213,0.0003895410045515746,0.07379462503013201,24
circuit_1077.jpg,0.004100291000213474,0.0002454170025885105,0.0025244170101359487,0.0001705000177025795,0.0065633750054985285,0.016285208985209465,0.002887083013774827,0.004267042007995769,9.207986295223236e-06,4.129199078306556e-05,0.0006912079988978803,0.03778504201909527,7
circuit_1079.jpg,0.003516333003062755,0.00027795799542218447,0.002578624989837408,0.00024058300186879933,0.015329708025092259,0.06397825002204627,0.003358874993864447,0.002760583010967821,2.216699067503214e-05,0.0001345000055152923,0.0007370829989667982,0.09293466503731906,23
circuit_1087.jpg,0.00443091697525233,0.00029954101773910224,0.0030629589746240526,8.083399734459817e-05,0.006368292000843212,0.01616704199113883,0.0035343339841347188,0.004056249978020787,1.0083022061735392e-05,4.641700070351362e-05,0.0003986249794252217,0.0384552939212881,9
circuit_1093.jpg,0.0034565000096336007,0.00026333300047554076,0.0026218330021947622,0.00017695798305794597,0.009131083003012463,0.030799041996942833,0.0027586659998632967,0.0022953329898882657,1.6792007954791188e-05,8.787499973550439e-05,0.0006420830031856894,0.052249497995944694,18
circuit_1094.jpg,0.0018864170124288648,0.00023454197798855603,0.0025822920142672956,0.00014399999054148793,0.006047083006706089,0.01336554199224338,0.002566666982602328,0.0008507919847033918,8.665985660627484e-06,3.662501694634557e-05,0.000651500013191253,0.02837412597727962,6
circuit_1097.jpg,0.0037037500005681068,0.00024370898609049618,0.0030923750018700957,0.00018825000734068453,0.007451832992956042,0.020668124983785674,0.0027709999994840473,0.006148790998850018,1.3250013580545783e-05,7.766700582578778e-05,0.0004158340161666274,0.044774584006518126,12
circuit_1111.jpg,0.0027697090117726475,0.0003980839974246919,0.002916666999226436,0.0001863329962361604,0.011945957987336442,0.04323266597930342,0.00297724999836646,0.004031208984088153,1.9583996618166566e-05,0.0001112080062739551,0.0004512910090852529,0.06903995896573178,24
circuit_1121.jpg,0.0027817499940283597,0.00022529202396981418,0.0024369590100832283,0.0001399999891873449,0.006103166990214959,0.013666584010934457,0.003034749999642372,0.005874042020877823,1.0375020792707801e-05,4.350001108832657e-05,0.00041500001680105925,0.03473141908762045,7
circuit_1122.jpg,0.001721540989819914,0.0002882080152630806,0.0025547499826643616,9.912499808706343e-05,0.009145791991613805,0.03033858400885947,0.002675083000212908,0.0018635830201674253,1.8082995666190982e-05,9.420898277312517e-05,0.00043058302253484726,0.04922954100766219,19
circuit_1124.jpg,0.0039007500163279474,0.00027187500381842256,0.002854749996913597,0.0005244579806458205,0.00845012502395548,0.027970042021479458,0.002788834011880681,0.004265084018697962,1.8332997569814324e-05,9.983297786675394e-05,0.000419167015934363,0.0515632510650903,19
circuit_1127.jpg,0.0035967089934274554,0.00023025000700727105,0.002478540991432965,0.00019745799363590777,0.006755790993338451,0.01828079199185595,0.0026583749859128147,0.0012135000142734498,9.58298915065825e-06,4.1749997762963176e-05,0.00040570899727754295,0.03586845795507543,8
circuit_113.jpg,0.004770749976160005,0.00025725000887177885,0.00291295800707303,0.0002640830061864108,0.011853000003611669,0.04504833297687583,0.002666749991476536,0.00940041700960137,1.837499439716339e-05,0.00010870798723772168,0.0006239170033950359,0.07792454096488655,24
circuit_1133.jpg,0.005476125021232292,0.0002743749937508255,0.0028007919900119305,0.00018000000272877514,0.004634000011719763,0.001515958021627739,0.0033673340221866965,0.0016406250069849193,2.2666994482278824e-05,5.733399302698672e-05,0.0006948749942239374,0.020664085051976144,13
circuit_1134.jpg,0.005726583010982722,0.0002929159963969141,0.002768250007648021,0.00017579199629835784,0.005591666995314881,0.008966333989519626,0.003055916982702911,0.0017105000151786953,1.1791998986154795e-05,7.504201494157314e-05,0.0005744999798480421,0.0289492929878179,15
circuit_1135.jpg,0.004425124992849305,0.000316332996590063,0.002548499993281439,0.00015574999270029366,0.006059666979126632,0.013668375002453104,0.0029279580048751086,0.0007078750059008598,9.542010957375169e-06,3.879200085066259e-05,0.0007152499747462571,0.0315731669543311,6
circuit_1145.jpg,0.0024100419832393527,0.0002405419945716858,0.00319858398870565,0.00014525000005960464,0.0064363330020569265,0.011328583001159132,0.0040206669946201146,0.0007181669934652746,9.166978998109698e-06,4.137499490752816e-05,0.0003936659777536988,0.028942375909537077,6
circuit_1153.jpg,0.0036418340168893337,0.0002742079959716648,0.0026837500045076013,0.00023312499979510903,0.013276875019073486,0.051774166990071535,0.0028698749956674874,0.0031121250067371875,2.737497561611235e-05,9.02090105228126e-05,0.0005895000067539513,0.07857304302160628,28
circuit_1162.jpg,0.003178541985107586,0.000264208996668458,0.002523917006328702,0.0002136249968316406,0.009457541978918016,0.03298787501989864,0.003039791015908122,0.0019920829799957573,1.6915990272536874e-05,8.9791021309793e-05,0.0003928749938495457,0.054157165985088795,18
circuit_1166.jpg,0.0052052919927518815,0.0002986670006066561,0.002673499984666705,0.0002296250022482127,0.010857333021704108,0.03725408299942501,0.002811500016832724,0.002793207997456193,2.099998528137803e-05,0.00011025002459064126,0.0007665000157430768,0.06302095804130659,23
circuit_1172.jpg,0.003325375000713393,0.00027483401936478913,0.002760250004939735,0.00019533300655893981,0.010662375018000603,0.03996241700951941,0.003017167007783428,0.0030285420070867985,2.441700780764222e-05,0.00012149999383836985,0.0006140419864095747,0.06398625206202269,24
circuit_1183.jpg,0.0026406660035718232,0.0003082080220337957,0.0029089999734424055,0.00014212500536814332,0.006438875017920509,0.01567549997707829,0.0026588749897200614,0.0007284590101335198,1.1832977179437876e-05,4.387498483993113e-05,0.000799166999058798,0.032356582960346714,6
circuit_1194.jpg,0.004523083014646545,0.0002785830001812428,0.0026021249941550195,0.00016804199549369514,0.011690832994645461,0.04440174999763258,0.0027807500155176967,0.0028085840167477727,2.8332986403256655e-05,0.00010725000174716115,0.0006043750036042184,0.06999370802077465,24
circuit_1201.jpg,0.0024384580028709024,0.00028249999741092324,0.0025676249933894724,0.00018904200987890363,0.010507791012059897,0.03796433299430646,0.0029201249999459833,0.0024668330152053386,1.908399281091988e-05,0.00010904198279604316,0.0006277080101426691,0.06009254101081751,23
circuit_1202.jpg,0.003009750013006851,0.0004496249894145876,0.002627207984915003,0.00023691600654274225,0.005219167011091486,0.009204999980283901,0.0027630419936031103,0.0009915830160025507,1.0499992640689015e-05,4.058299236930907e-05,0.0004108749853912741,0.024964248965261504,7
circuit_1203.jpg,0.0029481670062523335,0.00024020799901336432,0.0027015839878004044,0.00016270799096673727,0.007269958994584158,0.02064062500721775,0.0027070000069215894,0.000780791015131399,9.707990102469921e-06,4.0708022424951196e-05,0.00039324999670498073,0.03789470801712014,7
circuit_1204.jpg,0.0023122080019675195,0.00026470900047570467,0.0026644169993232936,7.97079992480576e-05,0.006089375005103648,0.01747591601451859,0.0035850419953931123,0.0010735419928096235,1.200000406242907e-05,4.733301466330886e-05,0.00045337501796893775,0.03405762504553422,7
circuit_1205.jpg,0.002658999990671873,0.0003732089826371521,0.004799082991667092,9.787501767277718e-05,0.007145624986151233,0.014610499987611547,0.0028272499912418425,0.0008524580043740571,9.875016985461116e-06,3.941697650589049e-05,0.00043162499787285924,0.033845916943391785,6
circuit_1209.jpg,0.00297970901010558,0.00029241698211990297,0.0032850829884409904,0.00020245800260454416,0.004591542005073279,0.0011945829901378602,0.0029782920028083026,0.0015744169941172004,1.504199462942779e-05,7.837498560547829e-05,0.00040833299863152206,0.017600250954274088,14
circuit_1233.jpg,0.0053762080206070095,0.0004896669997833669,0.003949416015530005,0.00025658297818154097,0.007701624999754131,0.021215708024101332,0.0028904579812660813,0.0019785840122494847,1.654098741710186e-05,8.800000068731606e-05,0.00043816599645651877,0.04440095601603389,15
circuit_1239.jpg,0.006379291997291148,0.00027237500762566924,0.0029456669872161,0.00013412500265985727,0.006982708000577986,0.018213916016975418,0.0026138750254176557,0.00104504098999314,1.1458003427833319e-05,4.7999987145885825e-05,0.00044850000995211303,0.039094957028282806,9
circuit_1241.jpg,0.0036106249899603426,0.00029170801280997694,0.002651749993674457,0.00016645799041725695,0.0092304999998305,0.030119125003693625,0.0030743330135010183,0.002413417008938268,2.983299782499671e-05,9.854199015535414e-05,0.00044862498180009425,0.05213491598260589,20
circuit_1243.jpg,0.0036437090020626783,0.0002859999949578196,0.0027123750187456608,0.00018795899813994765,0.011565207998501137,0.042253833002178,0.0027900410059373826,0.006771791988285258,2.166701597161591e-05,8.466700091958046e-05,0.000694582995492965,0.07101183402119204,24
circuit_1244.jpg,0.003540542005794123,0.00029287501820363104,0.0026352919812779874,0.00018104200717061758,0.012003582989564165,0.044811750005465,0.0028076669841539115,0.002862791996449232,2.1208979887887836e-05,0.00011500000255182385,0.000626958004431799,0.06989870997495018,25
circuit_125.jpg,0.0028212909819558263,0.00022758301929570735,0.0028570419817697257,0.000219000008655712,0.006385749991750345,0.01602316601201892,0.0036020409897901118,0.0010462499922141433,1.1083990102633834e-05,6.120800389908254e-05,0.00036629202077165246,0.03362070699222386,8
circuit_1252.jpg,0.003870874992571771,0.000382583006285131,0.002906125009758398,0.00019445799989625812,0.011605207982938737,0.04226804099744186,0.0028842079918831587,0.0027034170052502304,2.3290980607271194e-05,0.00011495800572447479,0.0006203750090207905,0.06757353898137808,24
circuit_1256.jpg,0.0027698749909177423,0.0002890000178012997,0.0029522499826271087,0.0001930830185301602,0.0055235000036191195,0.011293957999441773,0.002816375024849549,0.002063166000880301,1.5915982658043504e-05,8.633299148641527e-05,0.0005545000021811575,0.02855795601499267,19
circuit_1258.jpg,0.003117915999609977,0.00027024999144487083,0.0025160000077448785,7.791700772941113e-05,0.007686292025027797,0.018357875000219792,0.002831250021699816,0.0011183340102434158,1.0624993592500687e-05,4.33750101365149e-05,0.00039912498323246837,0.03642895905068144,8
circuit_1262.jpg,0.0028944590012542903,0.00023020798107609153,0.003146458009723574,0.00021958397701382637,0.006436499999836087,0.015987124992534518,0.002826749987434596,0.0009569170069880784,1.029198756441474e-05,4.341700696386397e-05,0.0003494159900583327,0.03310112594044767,7
circuit_1268.jpg,0.003039500006707385,0.0002552499936427921,0.002856916020391509,0.00022104199160821736,0.005128582997713238,0.008761792007135227,0.003077541012316942,0.0016260420088656247,1.5124998753890395e-05,5.812497693113983e-05,0.0003864169993903488,0.025426333013456315,14
circuit_1272.jpg,0.0042573749960865825,0.00023987499298527837,0.0026914170011878014,0.0001709159987512976,0.008487874991260469,0.02541641701827757,0.0028635830094572157,0.0017237919964827597,1.5541998436674476e-05,8.64169851411134e-05,0.0005489999894052744,0.04650220897747204,15
circuit_136.jpg,0.002789999998640269,0.00022683301358483732,0.0026772909914143384,0.00019412499386817217,0.00692054201499559,0.01836116600316018,0.0029915840132161975,0.00081516700447537,9.625015081837773e-06,3.9875012589618564e-05,0.000402166013373062,0.03542837407439947,7
circuit_138.jpg,0.0032149160106200725,0.0002188340004067868,0.002544292015954852,0.00016233298811130226,0.0066140420094598085,0.018400790984742343,0.0031439170124940574,0.0010491249850019813,1.620801049284637e-05,3.791699418798089e-05,0.00034974998561665416,0.035752124997088686,6
circuit_14.jpg,0.0046656250196974725,0.000259542022831738,0.002603333006845787,0.00035937500069849193,0.01111966700409539,0.04001250001601875,0.0034971660061273724,0.0029287500074133277,2.508299075998366e-05,0.00011566700413823128,0.0004677090037148446,0.06605441708234139,23
circuit_153.jpg,0.0038219170237425715,0.0002500000118743628,0.0026470840093679726,0.00014833302702754736,0.0057207909994758666,0.01123795798048377,0.0031881250033620745,0.0014917920052539557,1.2459000572562218e-05,5.570799112319946e-05,0.00047137500951066613,0.02904554206179455,14
circuit_155.jpg,0.0023613749945070595,0.0003871660155709833,0.00253724999492988,0.00016220801626332104,0.00903812499018386,0.030518333980580792,0.0028346669860184193,0.002141292003216222,1.7290993127971888e-05,9.295798372477293e-05,0.0007868329994380474,0.05087749895756133,19
circuit_170.jpg,0.003189125010976568,0.00023420900106430054,0.0025307079777121544,0.00015429200720973313,0.00778741599060595,0.023130541027057916,0.003216082986909896,0.0014568330079782754,1.1333992006257176e-05,6.304099224507809e-05,0.00037583400262519717,0.042149415996391326,10
circuit_178.jpg,0.0038397499884013087,0.0002506250166334212,0.0025651659816503525,0.00016379199223592877,0.0061011670040898025,0.013634458009619266,0.0026632499939296395,0.0008798750059213489,9.459006832912564e-06,4.095898475497961e-05,0.00041795801371335983,0.03056645899778232,7
circuit_184.jpg,0.0035475420008879155,0.0002553749945946038,0.0029314589919522405,0.0003007909981533885,0.00499058302375488,0.006548749981448054,0.0031395420082844794,0.0012679579958785325,1.3375014532357454e-05,5.304202204570174e-05,0.0004065420071128756,0.02345495903864503,13
circuit_185.jpg,0.001684207993093878,0.00022737501421943307,0.002680541976587847,0.00019129199790768325,0.008728082990273833,0.028107167017878965,0.0026720000023487955,0.0005671250110026449,8.37500556372106e-06,3.529200330376625e-05,0.0004027499817311764,0.04530420899391174,5
circuit_187.jpg,0.006082542007789016,0.0002609170041978359,0.002689375018235296,0.0001803330087568611,0.005580915982136503,0.00883270800113678,0.003042958996957168,0.0016338329878635705,1.3084005331620574e-05,5.412500468082726e-05,0.00040266697760671377,0.02877345899469219,14
circuit_19.jpg,0.0029715000127907842,0.00022379201254807413,0.002591124997707084,0.0002108750049956143,0.007304707978619263,0.01830858297762461,0.002632832998642698,0.0012091250100638717,1.1666998034343123e-05,4.720798460766673e-05,0.00040833299863152206,0.03591974897426553,9
circuit_193.jpg,0.004006000002846122,0.00026316600269638,0.002708415995584801,0.0002035000070463866,0.008302166010253131,0.025999167002737522,0.0027086249901913106,0.011606332991505042,1.999997766688466e-05,8.124997839331627e-05,0.0004028750117868185,0.056301497970707715,21
circuit_198.jpg,0.0068850000097882,0.00024774999474175274,0.00277333302074112,0.0001853749854490161,0.009284833999117836,0.029933332989457995,0.002824625000357628,0.002331750001758337,1.6792007954791188e-05,9.049999061971903e-05,0.00039487500907853246,0.05496816700906493,19
circuit_205.jpg,0.006201165990205482,0.00026504098786972463,0.0025589160213712603,0.0003164999943692237,0.009072249988093972,0.03045449999626726,0.0029967500013299286,0.0018035839893855155,1.5166995581239462e-05,8.766699465923011e-05,0.0004148749867454171,0.05418641594587825,15
circuit_210.jpg,0.0035242500016465783,0.00027837499510496855,0.0026388750120531768,0.00022704200819134712,0.00891516701085493,0.028010500012896955,0.0028158750210423023,0.001710583019303158,1.4999997802078724e-05,8.629198418930173e-05,0.00042141700396314263,0.04864337606704794,15
circuit_215.jpg,0.004236083012074232,0.0003446670016273856,0.0025952080031856894,0.00016004100325517356,0.00813099998049438,0.02313341700937599,0.002730000007431954,0.0018240839999634773,1.5416007954627275e-05,8.712502312846482e-05,0.0004281670262571424,0.043685208074748516,15
circuit_226.jpg,0.003455958008999005,0.00027583399787545204,0.0025597080239094794,0.00010599999222904444,0.010954208002658561,0.03767391599831171,0.0029639170097652823,0.0053192909981589764,1.8708000425249338e-05,8.595897816121578e-05,0.000609958020504564,0.06402345703099854,24
circuit_230.jpg,0.003274874994531274,0.00021541700698435307,0.0027638339961413294,0.00016587501158937812,0.0068598750222008675,0.0187057500006631,0.002607540984172374,0.0010022500064224005,9.37501317821443e-06,4.4334010453894734e-05,0.0003840409917756915,0.03603316703811288,8
