image,load,detect,class_head,textmask,wiremask,wires,stitch,nodes,snapping,conn_repair,netlist,repair,other,export,total,n_components,n_detections
circuit_1028.jpg,0.003944083990063518,0.0005942080024397001,0.1780212500016205,0.009363292003399692,0.00013295799726620317,0.030900167010258883,0.013616458003525622,0.014180791011312976,0.0031881250033620745,0.00015370899927802384,1.9500002963468432e-05,0.0001320000010309741,0.0009424999734619632,0.0001712500088615343,0.25536029200884514,14,24
circuit_1045.jpg,0.0036810419987887144,0.0004371249960968271,0.01563137500488665,0.008691125010955147,0.00010533300519455224,0.034666124993236735,0.021634375996654853,0.0051546249887906015,0.001397375002852641,3.275000199209899e-05,1.1583993909880519e-05,5.895800131838769e-05,0.0006684149993816391,0.00018737500067800283,0.09235758299473673,7,7
circuit_1048.jpg,0.0031762910075485706,0.00043091599945910275,0.19308595900656655,0.009466832998441532,0.00016524999227840453,0.03743058400868904,0.056622290998348035,0.008792583001195453,0.08827779100101907,6.550000398419797e-05,2.779200440272689e-05,0.00016854199930094182,0.0008102089777821675,0.0004327079950599,0.3989532489940757,24,26
circuit_1052.jpg,0.0030318339995574206,0.0005477910017361864,0.016410791999078356,0.009540125000057742,0.00016825000056996942,0.03431304199330043,0.03790645799017511,0.005660333001287654,0.0021327920112526044,5.325001257006079e-05,1.8040998838841915e-05,7.449999975506216e-05,0.00044512499880511314,0.0005029169988119975,0.11080525000579655,7,7
circuit_1059.jpg,0.003638249996583909,0.00041799999598879367,0.15547020800295286,0.009435708008822985,0.00013333400420378894,0.028450625002733432,0.01364683399151545,0.022071667001000606,0.006424125007470138,0.019912458999897353,2.5165994884446263e-05,0.00012095899728592485,0.0008978739933809265,0.00036550000368151814,0.26101070900040213,14,21
circuit_1080.jpg,0.00463037499866914,0.0005094999942230061,0.1343266250041779,0.009022083002491854,0.00013729100464843214,0.03857150000112597,0.056243916013045236,0.008511457999702543,0.0431748340051854,5.154100654181093e-05,5.3458992624655366e-05,0.00010629200551193208,0.0006529589736601338,0.0003778340033022687,0.2963696670049103,17,18
circuit_1095.jpg,0.0035518330114427954,0.0005620419979095459,0.14008941600332037,0.008924167006625794,0.00014079200627747923,0.0398476669943193,0.07177824999962468,0.006605333008337766,0.004267500000423752,5.116700776852667e-05,2.0208011846989393e-05,0.00013750001380685717,0.0004332499374868348,0.00020300000323913991,0.2766121250024298,19,19
circuit_1103.jpg,0.0034153330052504316,0.00046666699927300215,0.013993250002386048,0.00951550000172574,0.00010458299948368222,0.03369629100780003,0.05235108299530111,0.005355999994208105,0.0010042089998023584,2.3542001144960523e-05,9.791998309083283e-06,5.08339871885255e-05,0.0003931660030502826,0.00015624999650754035,0.1205364999914309,5,5
circuit_115.jpg,0.004040999992867,0.0004632920026779175,0.02345249999780208,0.008770582993747666,0.00011583299783524126,0.03492508300405461,0.040270000987220556,0.013904041014029644,0.00856037499033846,0.017658835000474937,1.491699367761612e-05,6.941700121387839e-05,0.0005911230255151168,0.00048025000432971865,0.15331725000578444,10,10
circuit_1150.jpg,0.0017512920021545142,0.00045279201003722847,0.020605541998520494,0.009777166007552296,0.0001138340012403205,0.028903415994136594,0.02523570801713504,0.006159750002552755,0.0018149999959859997,2.808299905154854e-05,1.3375014532357454e-05,6.64590043015778e-05,0.0008384999528061599,0.0009762080007931218,0.0967371250008,8,8
circuit_1156.jpg,0.0046719579986529425,0.00038829199911560863,0.14877241700014565,0.009205291004036553,0.00032204200397245586,0.03359258300042711,0.04537595798319671,0.011210458018467762,0.007213083023088984,0.010259166971081868,2.2958003683015704e-05,0.00014016599743627012,0.0008471269975416362,0.00023150000197347254,0.27225300000282004,19,19
circuit_1175.jpg,0.004195166999124922,0.0006315000064205378,0.2392121250013588,0.009468667005421594,0.00023170899657998234,0.04481566700269468,0.11498654101160355,0.008842499999445863,0.05646391600021161,0.00012162500934209675,3.56250093318522e-05,0.00018016700050793588,0.0006751659529982135,0.00026112499472219497,0.48012149998976383,30,31
circuit_118.jpg,0.005914416993618943,0.0006456249975599349,0.19049445800192188,0.009097583999391645,0.00023254100233316422,0.03763770899968222,0.0607577089976985,0.009077957991394214,0.052930499994545244,6.683399260509759e-05,2.8582988306879997e-05,0.00017666599887888879,0.0007252910436363891,0.0003819999983534217,0.3681678749999264,23,25
circuit_1182.jpg,0.0034730839979602024,0.0005932499916525558,0.0141339169931598,0.009383249998791143,0.00017924999701790512,0.03695283299020957,0.044018832995789126,0.0049982079945039,0.0013000829931115732,2.4666995159350336e-05,1.0292991646565497e-05,5.433299520518631e-05,0.0009520820603938773,0.00017758300236891955,0.11625166599696968,6,6
circuit_1184.jpg,0.0043895000126212835,0.0004316669947002083,0.16794204199686646,0.008868834003806114,0.00012920900189783424,0.03122845799953211,0.002148875006241724,0.017276708997087553,0.004509124992182478,0.00016754100215621293,1.754100958351046e-05,8.345799869857728e-05,0.0006154579750727862,0.00016754200623836368,0.23797595899668522,14,22
circuit_1187.jpg,0.0033951250079553574,0.0005794160097138956,0.1445634580013575,0.009526709007332101,0.00025012499827425927,0.03623054201307241,0.05572645801294129,0.004677999997511506,0.004091209004400298,5.562500155065209e-05,2.170799416489899e-05,0.0001424999936716631,0.001324374956311658,0.00023808301193639636,0.2608233330101939,19,19
circuit_1195.jpg,0.0029945830028736964,0.00033837500086519867,0.016719708000891842,0.0088675000006333,0.00010858300083782524,0.028974542001378722,0.02869987499434501,0.004239333007717505,0.0017041249957401305,2.924998989328742e-05,1.2958014849573374e-05,6.662499799858779e-05,0.0006619179912377149,0.00022575000184588134,0.09364312500110827,8,8
circuit_1197.jpg,0.00381408300017938,0.0005279580072965473,0.018299167000805028,0.009360124997328967,0.00011529200128279626,0.03236070899583865,0.03312545899825636,0.006498583999928087,0.0020145000016782433,2.854099147953093e-05,1.2499018339440227e-05,6.212500738911331e-05,0.0007239989790832624,0.0001964999974006787,0.10713954099628609,7,7
circuit_1207.jpg,0.005479958010255359,0.0006315000064205378,0.15604662499390543,0.008799917006399482,0.00012637500185519457,0.027796750000561588,0.03690687500056811,0.011993708001682535,0.002648458001203835,0.00010233299690298736,4.9251000746153295e-05,8.712499402463436e-05,0.0006615829915972427,0.0009525420027785003,0.2522830000089016,13,21
circuit_1222.jpg,0.006228958998690359,0.0005157090054126456,0.12840000000142027,0.00894391599285882,0.0001294999965466559,0.03629604099842254,0.06702124899311457,0.021283416004735045,0.1251804589992389,0.03737345800618641,3.7582998629659414e-05,0.00015500000154133886,0.0007336270064115524,0.0009893749956972897,0.43328829199890606,15,17
circuit_1234.jpg,0.004233582993037999,0.0004993340116925538,0.015853707998758182,0.009198749990900978,0.00010637499508447945,0.03435799998987932,0.06371341699559707,0.004482083008042537,0.0013475410087266937,2.587500785011798e-05,1.09999964479357e-05,5.4499992984347045e-05,0.00060358400514815,0.00018683300004340708,0.13467458299419377,6,6
circuit_1238.jpg,0.0049767079908633605,0.0004535000043688342,0.17843279099906795,0.0088751669973135,0.00015637499745935202,0.03447124999365769,0.06705404199601617,0.004891292002866976,0.041591667002649046,5.937500100117177e-05,2.5749992346391082e-05,0.00016870899708010256,0.000631458024145104,0.00023670900554861873,0.34202479300438426,24,24
circuit_1240.jpg,0.004645915993023664,0.00047583300329279155,0.18344604200683534,0.008862958988174796,0.00015808398893568665,0.03387958298844751,0.07090004200290423,0.0038856249884702265,0.02906466700369492,5.833400064148009e-05,2.69579904852435e-05,0.0001674999948590994,0.000554915051907301,0.0009322919941041619,0.33705874999577645,24,24
circuit_1247.jpg,0.004391791997477412,0.0005990839999867603,0.17444204200000968,0.00984487499226816,0.00028316699899733067,0.03667516598943621,0.06766237500414718,0.009369790990604088,0.08891091699479148,6.999999459367245e-05,4.583399277180433e-05,0.00016991699521895498,0.0004876240564044565,0.00025345799804199487,0.3932060420047492,22,24
circuit_1253.jpg,0.0031442089966731146,0.0003419580025365576,0.023745667000184767,0.008775166003033519,0.00011766700481530279,0.03083208300813567,0.040372959003434516,0.004132332993322052,0.002508250006940216,3.941600152757019e-05,1.6041012713685632e-05,8.179100404959172e-05,0.0007362939504673705,0.00020900000527035445,0.11505283399310429,12,12
circuit_1259.jpg,0.004582958004903048,0.0006539580062963068,0.017900332997669466,0.008759542004554532,0.00011770900164265186,0.031193415998131968,0.036443541990593076,0.0047707909980090335,0.0019830829987768084,2.89169984171167e-05,1.2667005648836493e-05,6.520800525322556e-05,0.0003841259895125404,0.00018433399964123964,0.10708058399904985,8,8
circuit_1264.jpg,0.005020290991524234,0.0004672089999075979,0.13594495799043216,0.009304167004302144,0.00013962500088382512,0.03041333399596624,0.03324662499653641,0.009874042007140815,0.05241879200912081,5.4666990763507783e-05,2.345799293834716e-05,0.00014083398855291307,0.0007493320299545303,0.0002156249975087121,0.27801295899553224,16,18
circuit_1273.jpg,0.0030424169963225722,0.0003904170007444918,0.1849694999982603,0.00936208400526084,0.00015462501323781908,0.037104125003679655,0.0716192499967292,0.009200500004226342,0.0588075419946108,6.404198938980699e-05,2.4374006898142397e-05,0.00016437500016763806,0.0005259149911580607,0.001022750002448447,0.3764519160031341,23,25
circuit_1275.jpg,0.003945624994230457,0.0004966660053469241,0.01603995899495203,0.008886832991265692,0.00010925000242423266,0.027537709000171162,0.021599542000330985,0.006001958012348041,0.0018005419988185167,2.7250003768131137e-05,1.141701068263501e-05,5.854100163560361e-05,0.0008024159906199202,0.00023762500495649874,0.08755533301155083,7,7
circuit_129.jpg,0.0037645410047844052,0.00031608300923835486,0.01603804199839942,0.009420084010343999,0.0001573750050738454,0.030841707994113676,0.021112582995556295,0.003911083011189476,0.0018142089975299314,2.7125002816319466e-05,1.2708012945950031e-05,6.28749985480681e-05,0.0010610839672153816,0.00020820899226237088,0.0887477090000175,7,7
circuit_131.jpg,0.004435166993062012,0.0003343330026837066,0.01792225000099279,0.008854125000652857,0.00011283399362582713,0.027083916997071356,0.0248337920056656,0.0037857909919694066,0.0019924170046579093,2.995799877680838e-05,1.1998999980278313e-05,6.370899791363627e-05,0.00038762501208111644,0.00027070799842476845,0.09011862499755807,8,8
circuit_132.jpg,0.002087791988742538,0.0004430410044733435,0.15074908299720846,0.009423416006029584,0.0002062090061372146,0.03272558299067896,0.044255667002289556,0.00412362499628216,0.004368666996015236,6.466600461862981e-05,2.8748996555805206e-05,0.00015054200775921345,0.0004821680049644783,0.0002387080021435395,0.24934791600389872,19,19
circuit_140.jpg,0.004342583997640759,0.0005454589991131797,0.172462959002587,0.00887308400706388,0.00015241699293255806,0.03074808299425058,0.04461991600692272,0.007752707999316044,0.052105957991443574,0.0001458329934393987,2.4666005629114807e-05,0.0001467500114813447,0.0004507489938987419,0.00023750000400468707,0.3226086659997236,21,23
circuit_142.jpg,0.0033862910058815032,0.00040366699977312237,0.17638979099865537,0.009477875006268732,0.00015725000412203372,0.03657729200494941,0.07095974999538157,0.003946333003113978,0.0424147910089232,5.8457997511141e-05,2.341700019314885e-05,0.00016095899627543986,0.00041958497604355216,0.0002541249996284023,0.3446295839967206,24,24
circuit_147.jpg,0.002709583000978455,0.00045108399353921413,0.019521374997566454,0.008846666009048931,0.00011070800246670842,0.030870083006448112,0.04015120799886063,0.0042542909941403195,0.001753875010763295,4.8707996029406786e-05,1.529201108496636e-05,7.229199400171638e-05,0.00039816799107939005,0.00022183300461620092,0.1094251660106238,9,9
circuit_15.jpg,0.0030675409943796694,0.00036783299583476037,0.01328924999688752,0.009214874997269362,0.00011795799946412444,0.03147379100846592,0.041285917002824135,0.00504087501030881,0.0012504589976742864,2.5708999601192772e-05,1.0374991688877344e-05,5.2041999879293144e-05,0.0006473330140579492,0.00018383399583399296,0.1060277920041699,6,6
circuit_150.jpg,0.0035715839912882075,0.0003676249907584861,0.015107375002116896,0.009094458000618033,0.00011566700413823128,0.02795983399846591,0.021196374000282958,0.0038680419966112822,0.001920041991979815,2.7583009796217084e-05,1.1666998034343123e-05,5.9833997511304915e-05,0.00038266502087935805,0.000207042001420632,0.08388979200390168,7,7
circuit_154.jpg,0.003828000000794418,0.00035999999090563506,0.015731250008684583,0.00950412500242237,0.00010691701027099043,0.025836792003246956,0.017278915998758748,0.003985167000791989,0.0012744160048896447,2.3832995793782175e-05,1.1084004654549062e-05,5.94589946558699e-05,0.000917956989724189,0.0002133329981006682,0.07913124900369439,5,5
circuit_156.jpg,0.0034534169972175732,0.00039079099951777607,0.1330047089868458,0.008729833003599197,0.00013824999041389674,0.02897904100245796,0.051750291997450404,0.004049291994306259,0.004192459004116245,4.862500645685941e-05,2.508299075998366e-05,0.00014124999870546162,0.0004087500274181366,0.00024016600218601525,0.23555195800145157,17,17
circuit_165.jpg,0.0033054579980671406,0.0004885829985141754,0.01512874999025371,0.0092368330078898,0.00010749998909886926,0.02835591699113138,0.021735001006163657,0.005368540994822979,0.0015211249992717057,2.69579904852435e-05,1.1041003745049238e-05,5.9707992477342486e-05,0.0007596690411446616,0.00021516600099857897,0.08632025000406429,7,7
circuit_171.jpg,0.0050633749924600124,0.0005776249890914187,0.1783585000084713,0.00891175000288058,0.00017666700296103954,0.031656541003030725,0.0633178739954019,0.0040526249940739945,0.0350504169909982,5.816700286231935e-05,2.849999873433262e-05,0.00017595899407751858,0.00045516602403949946,0.0002589170035207644,0.3281420830026036,24,24
circuit_179.jpg,0.003206374996807426,0.0004690000059781596,0.019347374996868894,0.008917707993532531,0.00012054199760314077,0.032632999995257705,0.028842792002251372,0.0045652089902432635,0.0024319169897353277,4.008400719612837e-05,1.983399852178991e-05,0.00012204200902488083,0.0004349560185801238,0.00027008399774786085,0.1014209179993486,9,9
circuit_181.jpg,0.003045042001758702,0.0005710419936804101,0.12667854099709075,0.00881945800210815,0.0001441670028725639,0.028588916989974678,0.04442637600004673,0.006046624999726191,0.05789020900556352,4.77090070489794e-05,2.3625994799658656e-05,0.00013612500333692878,0.00040670399903319776,0.000243417001911439,0.2770679579989519,15,17
circuit_196.jpg,0.0041809999966062605,0.00045779200445394963,0.012784208010998555,0.008977541991043836,0.00010029198892880231,0.032868417009012774,0.051869334012735635,0.010129166999831796,0.0022630420135101303,0.026253499978338368,1.8041013390757143e-05,7.645800360478461e-05,0.00038837398460600525,0.00019562500528991222,0.15056279201235157,5,5
circuit_20.jpg,0.006477709001046605,0.0004976250056643039,0.012161125006969087,0.008761916993535124,0.00010066699178423733,0.03474162500060629,0.06369845899462234,0.004499792004935443,0.0011150829959660769,2.3208995116874576e-05,9.332987247034907e-06,4.84589982079342e-05,0.00039133001700975,0.0002029169991146773,0.13272924999182578,5,5
circuit_208.jpg,0.004538915993180126,0.0006175000016810372,0.14130645799741615,0.009179125001537614,0.00014683300105389208,0.03406695900775958,0.044055125006707385,0.004050582996569574,0.004520416987361386,4.9875001423060894e-05,2.229100209660828e-05,0.00014441700477618724,0.0004798339941771701,0.0002560840075602755,0.24343441700330004,19,19
circuit_209.jpg,0.0031562090007355437,0.0003929999948013574,0.1544832090003183,0.009178249994874932,0.00013124999532010406,0.02480983299028594,0.002040999010205269,0.010972083007800393,0.0029305829957593232,0.00011895800707861781,4.512499435804784e-05,8.116599929053336e-05,0.0006555430009029806,0.0002450829924782738,0.20924129098420963,13,21
circuit_21.jpg,0.0022001660108799115,0.0003648749989224598,0.013869041998987086,0.008744416001718491,0.00010708300396800041,0.02882941700227093,0.05173470900626853,0.00414999999338761,0.0012396669917507097,2.63339898083359e-05,9.333991329185665e-06,5.237499135546386e-05,0.0003807070170296356,0.0002078340039588511,0.1119159590016352,6,6
circuit_211.jpg,0.00748070799454581,0.0004134170012548566,0.16499583300901577,0.009773915997357108,0.00013966599362902343,0.02589829200587701,0.002355417003855109,0.016150291994563304,0.003216457989765331,0.0001672919897828251,1.5040990547277033e-05,7.89580080891028e-05,0.00086475201533176,0.00023416698968503624,0.23178420898329932,14,22
circuit_218.jpg,0.004129124994506128,0.0004785000055562705,0.12960020800528582,0.010412207993795164,0.00021499999274965376,0.03662600000097882,0.04124158399645239,0.009598792006727308,0.03669166700274218,5.0332993851043284e-05,3.4666998544707894e-05,9.899999713525176e-05,0.001108541022404097,0.00026133299979846925,0.2705469580105273,16,17
circuit_220.jpg,0.005575666989898309,0.0005867500003660098,0.15954291699745227,0.009340624994365498,0.00013625000428874046,0.029074875012156554,0.025751874985871837,0.01601920799294021,0.007854500014218502,0.026382333002402447,3.945900243707001e-05,0.00012483401224017143,0.0006780409894417971,0.00022566699772141874,0.28133300099580083,13,21
circuit_221.jpg,0.009235165998688899,0.0004378750018076971,0.1629427079897141,0.009042457997566089,0.00014725000073667616,0.025799833005294204,0.010177917021792382,0.01365562500723172,0.003078499998082407,0.00013425000361166894,2.7875008527189493e-05,8.941700798459351e-05,0.0006161259661894292,0.00020991599012631923,0.23559491599735338,14,22
circuit_225.jpg,0.004654375006793998,0.0006227080011740327,0.1779556660039816,0.00944391600205563,0.00022316699323710054,0.042467792009119876,0.09475933300564066,0.00587525000446476,0.03939341599470936,5.795799370389432e-05,2.4751003365963697e-05,0.00016483300714753568,0.0013105019752401859,0.00022050000552553684,0.37717416700616013,24,24
circuit_249.jpg,0.004656207995139994,0.000567167007829994,0.1553336670040153,0.009539124992443249,0.00018295799964107573,0.025767582992557436,0.00212545799149666,0.012438542005838826,0.00267537499894388,0.0001711249933578074,2.216600114479661e-05,9.845799650065601e-05,0.0008542510186089203,0.00021654200099874288,0.21464862499851733,14,21
circuit_251.jpg,0.003193416996509768,0.0003455830010352656,0.017649250003159977,0.009471750003285706,0.00016058399342000484,0.026436458007083274,0.014289042010204867,0.005523874991922639,0.005496750003658235,2.6875000912696123e-05,9.166993550024927e-06,7.341599848587066e-05,0.0003999170003226027,0.00021949999791104347,0.08329558400146198,6,6
circuit_255.jpg,0.003095457999734208,0.0004908330010948703,0.02059204199758824,0.009074249988771044,0.00010970800940413028,0.029546417004894465,0.03275341700646095,0.004953167008352466,0.0016276249953079969,2.7832997147925198e-05,1.2584001524373889e-05,6.0874997870996594e-05,0.0006759569951100275,0.0002017499937210232,0.10322191599698272,7,7
circuit_257.jpg,0.005484041990712285,0.00046479099546559155,0.13521033398865256,0.009475833008764312,0.00014516699593514204,0.033094500002334826,0.05227054200076964,0.0056219580001197755,0.0038627079920843244,4.829200042877346e-05,2.158299321308732e-05,0.0001323329925071448,0.0004222920397296548,0.00023908399452921003,0.24649345899524633,18,18
circuit_259.jpg,0.00432962499326095,0.00036416700459085405,0.13169224999728613,0.009130208010901697,0.00013350001245271415,0.03395908400125336,0.05305033300828654,0.009180332999676466,0.050583290998474695,4.587500006891787e-05,2.241699257865548e-05,0.0001332500105490908,0.0006643339584115893,0.0002502080023987219,0.2935388749901904,15,17
circuit_264.jpg,0.004430708009749651,0.000520707995747216,0.02225791700766422,0.00948545899882447,0.0001135829952545464,0.03058229100133758,0.0300739169906592,0.005371959006879479,0.002401874997303821,3.929100057575852e-05,1.9081999198533595e-05,7.404199277516454e-05,0.0004126679996261373,0.00022033399727661163,0.10600383399287239,9,9
circuit_270.jpg,0.002550459001213312,0.0004384159983601421,0.01627925000502728,0.008782499993685633,0.00011249999806750566,0.03347433399176225,0.021315624995622784,0.005376500004786067,0.001272042005439289,2.724998921621591e-05,1.0584000847302377e-05,5.308400432113558e-05,0.00039549701614305377,0.00018625000666361302,0.09027429101115558,6,6
circuit_271.jpg,0.0031441250030184165,0.0003465409972704947,0.016561208001803607,0.009503499997663312,0.00010733399540185928,0.03166183299617842,0.04109470899857115,0.005827083994518034,0.001274916998227127,2.616700658109039e-05,1.0041985660791397e-05,5.3790994570590556e-05,0.0004880400374531746,0.00020854199829045683,0.11030783300520852,6,6
circuit_278.jpg,0.0039227079978445545,0.0005989159981254488,0.1321297909889836,0.008822125004371628,0.00013408399536274374,0.037756999998237006,0.05958924900915008,0.007842624996555969,0.04286437500559259,4.633299249690026e-05,2.2374995751306415e-05,0.00013054200098849833,0.000424960016971454,0.0002743749937508255,0.2945594579941826,15,17
circuit_298.jpg,0.004982749989721924,0.0011697080044541508,0.184174082998652,0.009071042004507035,0.00014966700109653175,0.043945166005869396,0.07551295800658409,0.0051201250025769696,0.03538249999110121,0.009035082999616861,3.145799564663321e-05,0.00018458299746271223,0.0006058350118109956,0.00023362500360235572,0.3695985830127029,24,24
circuit_304.jpg,0.0028879159945063293,0.0013400419993558899,0.018928874997072853,0.009032791989739053,0.00012208300177007914,0.031250167012331076,0.03328887499810662,0.005356875000870787,0.0018447909969836473,2.8915994334965944e-05,1.158300437964499e-05,8.258300658781081e-05,0.00039571101660840213,0.0001780419988790527,0.10474925101152621,7,7
circuit_308.jpg,0.0031680410029366612,0.00038466599653474987,0.017815958010032773,0.00984433300618548,0.00012466699990909547,0.029470499997842126,0.01727545900212135,0.0044577079970622435,0.0016069999983301386,2.7707996196113527e-05,1.0875010048039258e-05,5.6791992392390966e-05,0.00042233397834934294,0.00021283300884533674,0.08487887399678584,7,7
circuit_321.jpg,0.003898625000147149,0.0004924160020891577,0.01963758299825713,0.00912895800138358,0.0001205000007757917,0.032868542009964585,0.029687457979889587,0.004988999993656762,0.0020479170052567497,2.9834001907147467e-05,1.1000010999850929e-05,6.149998807813972e-05,0.0003876249975292012,0.00022199998784344643,0.10358295797777828,8,8
circuit_325.jpg,0.0035808329994324595,0.0004382920014904812,0.02160645800177008,0.010315334002370946,0.00017291698895860463,0.033301458999630995,0.025149209002847783,0.00485524999385234,0.0023305420036194846,3.200001083314419e-05,1.391599653288722e-05,6.775000656489283e-05,0.0011315819865558296,0.0009527499933028594,0.10394829198776279,9,9
circuit_33.jpg,0.004155834001721814,0.0005897090013604611,0.18732287500461098,0.00934091699309647,0.00020900000527035445,0.035543207995942794,0.06351095899299253,0.008238209004048258,0.08593412500340492,9.270799637306482e-05,2.9624017770402133e-05,0.00016620800306554884,0.0004448739782674238,0.00022608299332205206,0.39580433299124707,23,25
circuit_331.jpg,0.0025633750046836212,0.0004277090047253296,0.2108613339951262,0.008731915993848816,0.00016420800238847733,0.039758750004693866,0.09472183301113546,0.004864250004175119,0.038379459001589566,0.000142250006319955,2.9292001272551715e-05,0.0001372909900965169,0.00043366696627344936,0.00021320799714885652,0.40142854198347777,28,28
circuit_338.jpg,0.003053042004466988,0.0006006670009810477,0.2299710000079358,0.010589833007543348,0.00043570800335146487,0.059291166995535605,0.1028801249776734,0.007367041995166801,0.036332957999547943,0.00925233299494721,3.816699609160423e-05,0.00017720799951348454,0.0005050420149927959,0.0004004170041298494,0.46089470900187735,24,24
circuit_347.jpg,0.0029688750073546544,0.0004188330058241263,0.1486763749999227,0.00990970799466595,0.00016266699822153896,0.03671987500274554,0.05814808399009053,0.004622624997864477,0.004696832998888567,5.2584000513888896e-05,2.2499996703118086e-05,0.0003077080036746338,0.00042883300920948386,0.0002107499894918874,0.2673462499951711,19,19
circuit_351.jpg,0.0030297079938463867,0.0004811670078197494,0.015895250005996786,0.009554709002259187,0.00011249999806750566,0.034666749997995794,0.040405667008599266,0.005163999987416901,0.001520042002084665,2.754099841695279e-05,1.0540985385887325e-05,5.849999433849007e-05,0.0003910000086762011,0.00020450000010896474,0.11152187499101274,7,7
circuit_353.jpg,0.003916959001799114,0.0004186669975752011,0.018810499997925945,0.009793292003450915,0.00019670800247695297,0.03158324999094475,0.02634675000444986,0.004619250001269393,0.001792750001186505,2.7707996196113527e-05,1.2207994586788118e-05,6.0457998188212514e-05,0.0006407920154742897,0.00021979199664201587,0.09843908400216606,7,7
circuit_366.jpg,0.003540165998856537,0.0005529580084839836,0.18028329199296422,0.00961795900366269,0.00015558300947304815,0.039565875005791895,0.06711949899909087,0.004794708002009429,0.03660479100653902,5.883400444872677e-05,2.5043002096936107e-05,0.00016224999853875488,0.0004183339769951999,0.00022745800379198045,0.3431267500127433,24,24
circuit_388.jpg,0.005547292006667703,0.0006028329953551292,0.1338676250015851,0.008943249995354563,0.00014224999176803976,0.03539420799643267,0.06705037500069011,0.004426166997291148,0.07990562499617226,0.00014641700545325875,2.7125002816319466e-05,0.00016120799409691244,0.0004163750127190724,0.0002029169991146773,0.336833666995517,18,18
circuit_389.jpg,0.004534916995908134,0.00045558401325251907,0.025269874997320585,0.009543625012156554,0.00012724999396596104,0.03282770799705759,0.04110450099688023,0.005531707996851765,0.0034978329931618646,0.009246708999853581,2.4748995201662183e-05,0.00011366700346115977,0.0008767910039750859,0.0002305000089108944,0.13338541700795759,12,12
circuit_39.jpg,0.0050492919981479645,0.00045204200432635844,0.16068737499881536,0.008844832991599105,0.00012995899305678904,0.026818874990567565,0.013489290999132209,0.019167543010553345,0.006047041999408975,0.00934258199413307,1.7084006685763597e-05,8.804099343251437e-05,0.0004114160255994648,0.00023866700939834118,0.2507840420148568,14,22
circuit_398.jpg,0.00386941600299906,0.000586583002586849,0.173914833998424,0.0092632090090774,0.00016354199033230543,0.04090745899884496,0.07153016701340675,0.008858457003952935,0.062431750004179776,0.016493833987624384,2.5208995793946087e-05,0.0001661669957684353,0.0004391230031615123,0.0002508750039851293,0.38890062501013745,24,24
circuit_402.jpg,0.003809707995969802,0.0005039999959990382,0.013398000010056421,0.008665082990773953,0.00013429101090878248,0.02564145800715778,0.02122412499738857,0.004307374998461455,0.0012091670068912208,2.5249988539144397e-05,9.83300560619682e-06,5.225000495556742e-05,0.00039025199657771736,0.00021045899484306574,0.07958125100412872,6,6
circuit_410.jpg,0.005357959002139978,0.0006430000066757202,0.18173712500720285,0.008864375005941838,0.00015262499800883234,0.03482216699921992,0.07503075001295656,0.010443250008393079,0.0743259579903679,0.02633470699947793,3.058300353586674e-05,0.00018883400480262935,0.0004470419662538916,0.0004277920088497922,0.4188061670138268,24,24
circuit_412.jpg,0.004884249996393919,0.0004762919998029247,0.20625866600312293,0.009088083010283299,0.0002152090019080788,0.04898237499583047,0.11757279200537596,0.005496625002706423,0.03691591699316632,0.00020049999875482172,2.8542010113596916e-05,0.000145875004818663,0.0007289159693755209,0.00023312499979510903,0.43122716699144803,28,28
circuit_420.jpg,0.004635749995941296,0.0004994999908376485,0.019517584005370736,0.008887458010576665,0.00011620800069067627,0.028387915997882374,0.021732167006121017,0.005105042000650428,0.002081667000311427,2.9916991479694843e-05,1.0792005923576653e-05,6.362500425893813e-05,0.0003883319877786562,0.0001969580043805763,0.09165291600220371,8,8
circuit_429.jpg,0.004117666001548059,0.0003490840026643127,0.014096416998654604,0.008735666997381486,0.0001052919978974387,0.026410749997012317,0.021305083006154746,0.004933541000355035,0.0014534999936586246,2.6749999960884452e-05,1.1373995221219957e-05,7.858300523366779e-05,0.00038500101072713733,0.00017100000695791095,0.08217970801342744,6,6
circuit_43.jpg,0.004637042002286762,0.0006440409924834967,0.18465029199433047,0.008858375003910623,0.00015637501201126724,0.04041866600164212,0.06768970900157001,0.007719957997323945,0.10273720799887087,7.079100760165602e-05,2.662499900907278e-05,0.00017437500355299562,0.00044695998076349497,0.00028066699451301247,0.4185110839898698,23,25
circuit_431.jpg,0.004896416998235509,0.0004600420070346445,0.173676999998861,0.00888729200232774,0.0001568750012665987,0.03353824999067001,0.059622957996907644,0.007176500002969988,0.04773337500228081,6.358300743158907e-05,6.979200406931341e-05,0.00017020800441969186,0.00042479197145439684,0.00023633299861103296,0.33711341698653996,22,24
circuit_432.jpg,0.0032007499976316467,0.00042470799235161394,0.13950695800303947,0.009158083994407207,0.0001445420057279989,0.03530137499910779,0.04862587500247173,0.006265374991926365,0.006645125002251007,5.054200300946832e-05,1.983299443963915e-05,0.00013212500198278576,0.0005727500101784244,0.0002423750120215118,0.25029041701054666,18,18
circuit_441.jpg,0.00436029200500343,0.0005247500084806234,0.021178208000492305,0.009074790999875404,0.00019200000679120421,0.029741083999397233,0.029278125992277637,0.004649458001949824,0.002017166989389807,3.0042006983421743e-05,1.18750031106174e-05,6.170800770632923e-05,0.0005767909751739353,0.00019270798657089472,0.10188899998320267,8,8
circuit_442.jpg,0.006480041003669612,0.0027679580089170486,0.04379258300468791,0.010223709003184922,0.0001964999974006787,0.04396695800824091,0.030538999009877443,0.006159291006042622,0.003206166991731152,6.208299600984901e-05,2.687600499484688e-05,8.954200893640518e-05,0.0008809179562376812,0.00017424998804926872,0.14856587498798035,9,9
circuit_447.jpg,0.003986874988186173,0.000589415998547338,0.026677707995986566,0.012591000006068498,0.00029150000773370266,0.0518380419962341,0.060190042000613175,0.00901254199561663,0.003451417011092417,4.920900391880423e-05,1.7458005459047854e-05,9.916700946632773e-05,0.000595040968619287,0.0002734999870881438,0.1696629169746302,9,9
circuit_450.jpg,0.002637541008880362,0.00032662499870639294,0.01659920800011605,0.010478750002221204,0.00012650000280700624,0.039932750005391426,0.03772341599687934,0.0068942499929107726,0.0014382500085048378,0.009530166993499734,2.0626001060009003e-05,9.833301010075957e-05,0.0017783339862944558,0.001031916995998472,0.12861666700337082,6,6
circuit_474.jpg,0.0029468749999068677,0.000861084001371637,0.16750129099818878,0.010621958004776388,0.00021720799850299954,0.03846087498823181,0.05111975000181701,0.006311334000201896,0.004423416990903206,5.679100286215544e-05,3.0040988349355757e-05,0.00017395800387021154,0.0007872520218370482,0.00023095900542102754,0.2837427930062404,19,19
circuit_483.jpg,0.005160333006642759,0.0006273750041145831,0.14576616599515546,0.011812917000497691,0.00017370798741467297,0.04931716600549407,0.05521545800729655,0.010508916006074287,0.0740419999929145,0.00013908300024922937,2.575000689830631e-05,0.0001448339899070561,0.001268585998332128,0.00025491698761470616,0.354457208988606,14,16
circuit_486.jpg,0.003996375002316199,0.0005776659963885322,0.06487254099920392,0.022486417001346126,0.0015502500027650967,0.09309670800575987,0.06626154198602308,0.008826834004139528,0.0037737919919891283,5.516699457075447e-05,2.3917004000395536e-05,0.00012224999954923987,0.0023939990060171112,0.0002962500002468005,0.2683337079943158,8,8
circuit_490.jpg,0.013180875001125969,0.004300708009395748,0.018649584002560005,0.008814582994091325,0.00011624999751802534,0.03415816700726282,0.03864633399643935,0.005971457998384722,0.0017529169999761507,2.824999683070928e-05,1.0000003385357559e-05,6.09580019954592e-05,0.00041212399082724005,0.0025912080018315464,0.12869341600162443,8,8
circuit_50.jpg,0.006578125001396984,0.004241832997649908,0.020236291995388456,0.008780208008829504,0.00011074999929405749,0.02896770799998194,0.028829332994064316,0.004306041999370791,0.0017088749882532284,2.9499991796910763e-05,1.2959004379808903e-05,9.658299677539617e-05,0.0003924170305253938,0.0002263329952256754,0.10451695800293237,8,8
circuit_505.jpg,0.006066792004276067,0.004023000001325272,0.02420216699829325,0.009726457996293902,0.00017762499919626862,0.030511042001307942,0.030159834015648812,0.0058356670051580295,0.002307167000253685,0.008628666997537948,1.679199340287596e-05,9.041700104717165e-05,0.0003928299847757444,0.00018287501006852835,0.1223213330085855,9,9
circuit_513.jpg,0.01305858300474938,0.004663665997213684,0.255040458010626,0.02148791700892616,0.00033000000985339284,0.07232745899818838,0.03213291699648835,0.02208058300311677,0.003514124997309409,0.023072750002029352,3.962499613407999e-05,0.0001540829980513081,0.0006038339779479429,0.013573333999374881,0.4620793340000091,14,22
circuit_516.jpg,0.008473124995362014,0.0004012920107925311,0.0237783749907976,0.010796665999805555,0.00014516699593514204,0.0330045830050949,0.027523500000825152,0.005043000011937693,0.0018654159939615056,3.058298898395151e-05,1.1500014807097614e-05,6.283300172071904e-05,0.0007666259916732088,0.00017179199494421482,0.11207445799664129,8,8
circuit_517.jpg,0.004613458004314452,0.00035524999839253724,0.023264083996764384,0.010775624992675148,0.00014487501175608486,0.03398787500918843,0.033396916987840086,0.00546441700134892,0.0022927500103833154,3.291599568910897e-05,1.4000004739500582e-05,7.029199332464486e-05,0.0005834579933434725,0.00017570900672581047,0.1151716260064859,9,9
circuit_526.jpg,0.005146750001586042,0.0005308339896146208,0.02574599999934435,0.012089583004126325,0.00014150000060908496,0.037369416997535154,0.03420279099373147,0.005475333993672393,0.0020939590031048283,3.587499668356031e-05,1.7623999156057835e-05,8.658299339003861e-05,0.0005081670242361724,0.00021595800353679806,0.1236603750003269,9,9
circuit_541.jpg,0.005462458007968962,0.0005082919960841537,0.021454667003126815,0.010869208999793045,0.00014333300350699574,0.038370750000467524,0.03722541699244175,0.005978916989988647,0.00203066598623991,3.2666008337400854e-05,1.362498733215034e-05,9.395900997333229e-05,0.001398624008288607,0.0002310410054633394,0.12381362399901263,7,7
circuit_553.jpg,0.007725832998403348,0.0007440000044880435,0.22193079099815805,0.014484375002211891,0.0002884999994421378,0.03456391699728556,0.0026298330049030483,0.01253129199903924,0.003274332993896678,0.00014854100299999118,2.316699828952551e-05,9.870900248643011e-05,0.0011692919943016022,0.0002341660001548007,0.29984674899606034,14,22
circuit_556.jpg,0.006733208996593021,0.0004974170005880296,0.04628070899343584,0.016347666998626664,0.00023312499979510903,0.055452542001148686,0.0696614589978708,0.02462954200746026,0.09786129101121332,0.06930983399797697,4.558300133794546e-05,0.0001932500017574057,0.0010421219922136515,0.00032550000469200313,0.3886132500047097,13,15
circuit_557.jpg,0.005206541987718083,0.0004682500002672896,0.1951579159940593,0.010195791997830383,0.00015433299995493144,0.03046566600096412,0.01524887399864383,0.009773666999535635,0.0042080839921254665,0.0001493749878136441,2.1999978343956172e-05,0.00010037499305326492,0.0004690010682679713,0.00027299999783281237,0.2718928749964107,15,23
circuit_578.jpg,0.00654591599595733,0.0006616249884245917,0.13657279199105687,0.008832291001453996,0.00013874999422114342,0.03575900000578258,0.06762849999358878,0.010690292998333462,0.007277666009031236,0.02537758299149573,2.791699080262333e-05,0.00014966700109653175,0.0007546250271843746,0.0002733330038608983,0.30068995799229015,18,18
circuit_579.jpg,0.005577917007030919,0.0005199589941184968,0.018664874995010905,0.00955120800063014,0.000112749999971129,0.036526332987705246,0.020983499998692423,0.004586875002132729,0.0018171249976148829,2.7207992388866842e-05,1.0749994544312358e-05,5.787498957943171e-05,0.0011182080343132839,0.00020595898968167603,0.09976054198341444,7,7
circuit_590.jpg,0.0038134589995024726,0.0005159169959370047,0.13456700000097044,0.00876658401102759,0.00014016700151842088,0.029831167004886083,0.04034129199862946,0.007291667003300972,0.05078183300793171,4.937501216772944e-05,2.083300205413252e-05,0.00012924999464303255,0.0004161639662925154,0.0002389169967500493,0.2769036249956116,16,18
circuit_594.jpg,0.0040421250014333054,0.00046212499728426337,0.15997904200048652,0.008760958997299895,0.00012758299999404699,0.02634899999247864,0.009762417001184076,0.010348583004088141,0.0032930410088738427,0.0001269999920623377,2.1458006813190877e-05,9.291600144933909e-05,0.00041550099558662623,0.00021629199909511954,0.22399804199812934,14,22
circuit_603.jpg,0.0034170830040238798,0.0005546250031329691,0.018176958998083137,0.00953424999897834,0.0001585830032126978,0.030588749999878928,0.021436999988509342,0.005000709003070369,0.0019729999912669882,3.0333001632243395e-05,1.2042990420013666e-05,6.408299668692052e-05,0.0009775820071808994,0.00019712500215973705,0.09212212498823646,8,8
circuit_604.jpg,0.0035430830030236393,0.0003864579921355471,0.17814562500279862,0.0094740409986116,0.00015945899940561503,0.03852108301362023,0.06347020798420999,0.007656207992113195,0.07612745799997356,0.008466250001220033,3.287498839199543e-05,0.00016266699822153896,0.0013110430300002918,0.0002672080008778721,0.38772366600460373,22,24
circuit_612.jpg,0.00313129200367257,0.0008314169972436503,0.016331709004589356,0.009354540990898386,0.00012541600153781474,0.03758808299608063,0.03770962501585018,0.004799333997652866,0.0017019170045387,2.8583002858795226e-05,1.087499549612403e-05,5.975000385660678e-05,0.0012467489868868142,0.00016774999676272273,0.11308704099792521,6,6
circuit_616.jpg,0.005250332993455231,0.0007875000010244548,0.19906616699881852,0.013865999993868172,0.0001819580065784976,0.0421174590010196,0.054075082996860147,0.006851250000181608,0.04482204200758133,5.1125010941177607e-05,4.341598832979798e-05,0.00010462501086294651,0.0012124169879825786,0.00021099999139551073,0.36864037498889957,16,17
circuit_624.jpg,0.0025261249975301325,0.000746000005165115,0.019289082993054762,0.009588290995452553,0.000134832996991463,0.03231929200410377,0.018171582982176915,0.006117750002886169,0.00158170799841173,2.8875001589767635e-05,1.1000010999850929e-05,5.4292002459988e-05,0.001342751012998633,0.00017933400522451848,0.09209091700904537,7,7
circuit_627.jpg,0.0034365419996902347,0.0005908329912927002,0.19430962500337046,0.010261417002766393,0.00017933300114236772,0.03421866700227838,0.059440249984618276,0.007536208009696566,0.04583429099875502,7.933301094453782e-05,3.391699283383787e-05,0.00018229198758490384,0.00045491701166611165,0.00027458400290925056,0.35683220899954904,23,25
circuit_630.jpg,0.0029885829862905666,0.00047087500570341945,0.13069224999344442,0.008911041004466824,0.00013212500198278576,0.028237584003363736,0.04027758399024606,0.005726916002458893,0.04278358399460558,4.67080099042505e-05,2.3250002413988113e-05,0.00014041599933989346,0.0004198760143481195,0.00024662500072736293,0.2610974170092959,15,17
circuit_639.jpg,0.003687417003675364,0.00043716699292417616,0.16859704200760461,0.008899249995010905,0.00012929199147038162,0.022339415998430923,0.009672833999502473,0.009441624992177822,0.003398332992219366,0.00016033300198614597,1.8167003872804344e-05,0.00011691699910443276,0.000406874023610726,0.00022362500021699816,0.22752829200180713,15,23
circuit_64.jpg,0.0049370829947292805,0.0005890409956919029,0.18424333399161696,0.010075333004351705,0.0001731249940348789,0.039551667010528035,0.06714375100273173,0.00493750000896398,0.03335641699959524,6.154099537525326e-05,3.16259975079447e-05,0.00017145799938589334,0.0004620400140993297,0.00026287499349564314,0.3459967910021078,24,24
circuit_641.jpg,0.0035242919984739274,0.0003732920013135299,0.013963209014036693,0.008835000000544824,0.00010304199531674385,0.029436167009407654,0.0326624589797575,0.00393108298885636,0.0017459579976275563,3.120899782516062e-05,1.0916002793237567e-05,5.829200381413102e-05,0.0003935400163754821,0.00018866699247155339,0.09525712599861436,6,6
circuit_643.jpg,0.003816334006842226,0.0004535829939413816,0.18999362499744166,0.01015404200006742,0.00018466699111741036,0.02895449999778066,0.015288667011191137,0.011606791988015175,0.003666292002890259,0.010400207989732735,3.150101110804826e-05,0.00014162500156089664,0.000477455003419891,0.00025258299137931317,0.2754218739864882,14,22
circuit_657.jpg,0.0038668750057695433,0.0005405830015661195,0.017392958005075343,0.009620458004064858,0.0001952090096892789,0.029788041996653192,0.01792958400619682,0.005619792005745694,0.0019257499952800572,3.0291994335129857e-05,1.4792007277719676e-05,6.887500057928264e-05,0.0004977059579687193,0.00018900001305155456,0.08767991600325331,8,8
circuit_659.jpg,0.005683542010956444,0.0004415000003064051,0.15395587499369867,0.009468999996897765,0.00013129200669936836,0.029352790996199474,0.013536165992263705,0.008608832999016158,0.002935083000920713,0.0001171670010080561,2.4249020498245955e-05,9.329199383500963e-05,0.0004373769770609215,0.0002075420052278787,0.22499370899458881,13,21
circuit_666.jpg,0.0036189999955240637,0.00046725000720471144,0.014927999989595264,0.008699917001649737,0.00010562498937360942,0.032990540988976136,0.04770275000191759,0.003943792005884461,0.0012799589894711971,2.6708003133535385e-05,1.0083007509820163e-05,5.5042008170858026e-05,0.0009937490103766322,0.00021504198957700282,0.11503745798836462,6,6
circuit_677.jpg,0.0053238329855958,0.00056487500842195,0.17712991600274108,0.009557083001709543,0.00016524999227840453,0.03885862499009818,0.07525570898724254,0.004696042000432499,0.0295170839963248,5.9708007029257715e-05,2.4082997697405517e-05,0.00017795799067243934,0.0004460420459508896,0.00024479199782945216,0.34202100000402424,24,24
circuit_686.jpg,0.004339749997598119,0.000555209000594914,0.018135125006665476,0.008717541000805795,0.00011358399933669716,0.028338083997368813,0.028897292009787634,0.004232667008182034,0.0019368330104043707,2.9709000955335796e-05,1.204099680762738e-05,6.333300552796572e-05,0.0003813739604083821,0.00022612500470131636,0.09597866699914448,8,8
circuit_695.jpg,0.0042620830063242465,0.001039166992995888,0.015096208997420035,0.008712749986443669,0.00011437501234468073,0.02435525000328198,0.02121504100796301,0.003718292005942203,0.0015195409941952676,2.779198985081166e-05,1.0917006875388324e-05,5.983299342915416e-05,0.0004912500007776543,0.00017416701302863657,0.08079666701087262,7,7
circuit_697.jpg,0.0039002919947961345,0.0005316250026226044,0.02178620800259523,0.00909216700529214,0.0001290420041186735,0.03225233301054686,0.03701804199954495,0.004908916002023034,0.0023245830088853836,3.3791991882026196e-05,1.45840022014454e-05,7.658399408683181e-05,0.000722415978088975,0.00020008299907203764,0.11299066699575633,10,10
circuit_706.jpg,0.0033458749967394397,0.0005278330063447356,0.1858137090021046,0.010071083001093939,0.00016799999866634607,0.041004750004503876,0.06901358300819993,0.011395749999792315,0.09386312500282656,0.00957104199915193,3.708300937432796e-05,0.00018099999579135329,0.0010931669676210731,0.0002184999902965501,0.42630449998250697,23,25
circuit_71.jpg,0.002860499997041188,0.00038816699816379696,0.019007875001989305,0.009116792003624141,0.0001111250021494925,0.0275405409920495,0.022136457992019132,0.0052712089964188635,0.0020032089960295707,2.737499016802758e-05,1.1416006600484252e-05,6.0250007663853467e-05,0.0008367910049855709,0.0002026250003837049,0.08957433298928663,7,7
circuit_711.jpg,0.004483124997932464,0.0003766669979086146,0.13730824999220204,0.008978124998975545,0.00013883299834560603,0.03389354200044181,0.0521252500184346,0.005783458007499576,0.0038728340005036443,4.979099321644753e-05,2.6040986995212734e-05,0.00014245898637454957,0.0006895000260556117,0.000458249996881932,0.24832612500176765,18,18
circuit_717.jpg,0.004237374989315867,0.0005037910013925284,0.017586790985660627,0.00906112500524614,0.00011420800001360476,0.028625249993638135,0.025323166002635844,0.005872041001566686,0.001381750000291504,2.808299905154854e-05,1.116600469686091e-05,6.004198803566396e-05,0.00038225304160732776,0.00021374999778345227,0.09340079101093579,7,7
circuit_721.jpg,0.0026508750015636906,0.0003145829978166148,0.01225579199672211,0.009653708009864204,0.00015416700625792146,0.03611504199216142,0.0487992920097895,0.0057697500014910474,0.0012277079949853942,2.4291992303915322e-05,9.87399835139513e-06,8.391599112655967e-05,0.0008678340091137215,0.0003465409972704947,0.11827337399881799,5,5
circuit_724.jpg,0.0033614999993005767,0.0003984159993706271,0.02169695899647195,0.009101625008042902,0.0001154169876826927,0.027508708008099347,0.025182541998219676,0.004531166996457614,0.002137667004717514,3.0750001315027475e-05,1.2834003427997231e-05,6.883400783408433e-05,0.00038274798134807497,0.00019712498760782182,0.0947262919798959,9,9
circuit_731.jpg,0.0030082909943303093,0.0004407920059747994,0.01668579099350609,0.009175833009066992,0.00010583300900179893,0.027852458006236702,0.022757333994377404,0.005329291001544334,0.001487667002948001,2.6374997105449438e-05,1.2417003745213151e-05,8.299999171867967e-05,0.0003813759976765141,0.00019445799989625812,0.08754091600712854,7,7
circuit_74.jpg,0.003749332987354137,0.0006051660020602867,0.18496033300471026,0.009224916997482069,0.00015779200475662947,0.034858832994359545,0.060402084011002444,0.010515417001442984,0.05785075000312645,6.941700121387839e-05,3.04169807350263e-05,0.00016866599617060274,0.0005245830107014626,0.00025741699209902436,0.3633751249872148,23,25
circuit_744.jpg,0.0040448340005241334,0.0003801669954555109,0.17553162499098107,0.008778375005931593,0.00014870800077915192,0.0397803749947343,0.07523362500069197,0.006193332999828272,0.042205541001749225,5.920800322201103e-05,2.5667002773843706e-05,0.00016637498629279435,0.0006599170155823231,0.00023204099852591753,0.3534397909970721,24,24
circuit_754.jpg,0.003957417007768527,0.0005669169913744554,0.14823033301217947,0.008893416001228616,0.00014983299479354173,0.03453375000390224,0.06330483398051001,0.005005958009860478,0.0811570829973789,0.00014795899915043265,2.666599175427109e-05,0.00016083300579339266,0.0004271259967936203,0.00021050000214017928,0.34677262499462813,19,19
circuit_76.jpg,0.006452250003349036,0.0005240829923423007,0.1448645829950692,0.009735250001540408,0.00014733300486113876,0.036551833007251844,0.051609375994303264,0.005260541001916863,0.005226749999565072,5.916699592489749e-05,2.4791006580926478e-05,0.00014933400962036103,0.00047829299001023173,0.00023566599702462554,0.2613192499993602,19,19
circuit_763.jpg,0.004293250007322058,0.00048816599883139133,0.17475562500476371,0.009132625011261553,0.00015224999515339732,0.03517479100264609,0.07474170799832791,0.004050874995300546,0.03498845800640993,5.85000088904053e-05,2.5707995519042015e-05,0.00016854199930094182,0.00042725197272375226,0.00022812500537838787,0.3386858750018291,24,24
circuit_765.jpg,0.003263499995227903,0.000495375003083609,0.02793420900707133,0.00958337499469053,0.00032441699295304716,0.041616041999077424,0.033417165992432274,0.0066974999936064705,0.0020787079993169755,3.700000524986535e-05,1.5874989912845194e-05,0.00012012499792035669,0.001864458026830107,0.0002149579959223047,0.12766270799329504,8,8
circuit_77.jpg,0.003017791997990571,0.0005815829936182126,0.17337308400601614,0.008928041002945974,0.000145875004818663,0.027569875004701316,0.017870875002699904,0.010473459013155662,0.003125542003544979,0.00013283301086630672,1.958299253601581e-05,8.612500096205622e-05,0.0004315829719416797,0.00022083299700170755,0.2459770830027992,14,22
circuit_776.jpg,0.003889499988872558,0.00036533399543259293,0.020834416995057836,0.008781166005064733,0.00011441699462011456,0.04076637499383651,0.044068208007956855,0.00883737500407733,0.00510870800644625,0.009767957992153242,1.2625008821487427e-05,6.670800212305039e-05,0.0006823340081609786,0.0002133329981006682,0.1435084580007242,9,9
circuit_777.jpg,0.00378737501159776,0.000447750004241243,0.0173935830098344,0.011358624993590638,0.002131417000782676,0.04935895898961462,0.044963791995542124,0.006382541992934421,0.0012445000029401854,2.633300027810037e-05,1.1667012586258352e-05,5.51249977434054e-05,0.0005909989849897102,0.00018779200036078691,0.13794045899703633,6,6
circuit_778.jpg,0.0036960410070605576,0.0011132500076200813,0.1872987499955343,0.009136916007264517,0.00015329101006500423,0.03928233300393913,0.07841366599313915,0.009436000007553957,0.05749733299307991,0.02019220900547225,2.562500594649464e-05,0.0001688330085016787,0.0005044199497206137,0.00024275000032503158,0.4071614169952227,24,24
circuit_779.jpg,0.003337208996526897,0.0003952080005547032,0.015330499998526648,0.00988225000037346,0.00016929200501181185,0.034166666999226436,0.032668708998244256,0.0048963329900288954,0.001826874999096617,2.849999873433262e-05,1.2501011951826513e-05,6.154199945740402e-05,0.0010118310019606724,0.00020387499534990638,0.10399129199504387,7,7
circuit_78.jpg,0.0046473750117002055,0.00039325001125689596,0.016062666996731423,0.008761541001149453,0.00011449999874457717,0.02957445799256675,0.029111249998095445,0.004899083010968752,0.0016866660007508472,2.691600820980966e-05,1.1084004654549062e-05,6.195800960995257e-05,0.00038733496330678463,0.0001954159961314872,0.09593349900387693,7,7
circuit_786.jpg,0.004088749992661178,0.00037358299596235156,0.015098957999725826,0.008958208010881208,0.00010879199544433504,0.025779500007047318,0.025002542010042816,0.004099041994777508,0.0015345420106314123,2.9207993065938354e-05,1.0374991688877344e-05,5.891600449103862e-05,0.00038320898602250963,0.000197833011043258,0.08572345800348558,7,7
circuit_792.jpg,0.004699875004007481,0.0005631670064758509,0.018882332995417528,0.009220958992955275,0.00018995899881701916,0.029418707999866456,0.021197875001234934,0.004050582996569574,0.0018820830009644851,3.924999327864498e-05,1.4667006325908005e-05,6.687499990221113e-05,0.0009452079975744709,0.0002131670044036582,0.0913847089977935,8,8
circuit_809.jpg,0.00279933400452137,0.0005436659994302318,0.017604291992029175,0.00891554199915845,0.00010999999358318746,0.02878754198900424,0.043940417002886534,0.004072541996720247,0.0016161249950528145,2.941599814221263e-05,1.1958007235080004e-05,6.474999827332795e-05,0.00038312502147164196,0.00020791598944924772,0.10908662498695776,8,8
circuit_810.jpg,0.004493999993428588,0.0005171249940758571,0.1480667080031708,0.009411167004145682,0.00015049999637994915,0.031541791002382524,0.0479872500145575,0.004165999998804182,0.004576457999064587,0.008911208002245985,2.920899714808911e-05,0.0001516250049462542,0.0008155839896062389,0.00024612499692011625,0.26106474999687634,19,19
circuit_812.jpg,0.004667166998842731,0.00039083301089704037,0.019582499997341074,0.00948279199656099,0.00017683299665804952,0.03053495798667427,0.022047541991923936,0.004027415998280048,0.0025265419972129166,3.19159880746156e-05,1.3041993952356279e-05,6.695900810882449e-05,0.0009407920442754403,0.00022166600683704019,0.09471095801563933,9,9
circuit_817.jpg,0.015221749999909662,0.0034661670069908723,0.014546000005793758,0.008725291991140693,0.00010779099829960614,0.028306124993832782,0.0368534580047708,0.0052460000006249174,0.001353750005364418,2.8333000955171883e-05,1.1208001524209976e-05,5.7209006627090275e-05,0.0003864579921355471,0.00017537499661557376,0.1144849160045851,7,7
circuit_82.jpg,0.006165957995108329,0.0018360410031164065,0.17815041600260884,0.008802333992207423,0.0001465419918531552,0.03046024999639485,0.059469040992553346,0.015451208004378714,0.16753283300204203,0.010055207982077263,6.229199061635882e-05,0.00016595900524407625,0.0004437100433278829,0.0002459579991409555,0.4789877500006696,22,24
circuit_822.jpg,0.004440207994775847,0.00044104200787842274,0.02560037499642931,0.008706624998012558,0.00017675000708550215,0.03048849999322556,0.04388870800903533,0.003886667007463984,0.004323917004512623,4.30410000262782e-05,2.0125997252762318e-05,0.00012512499233707786,0.00040408199129160494,0.00033133300894405693,0.12287649900827091,14,14
circuit_827.jpg,0.003230542002711445,0.0005000839882995933,0.12127254200458992,0.008787041006144136,0.0001286670012632385,0.029023791998042725,0.05163908399117645,0.006128749999334104,0.05728454201016575,4.512500890996307e-05,2.0166000467725098e-05,0.0001221249985974282,0.0004031229909742251,0.0002227079967269674,0.2788082909974037,14,16
circuit_83.jpg,0.003529167006490752,0.00042754200694616884,0.16392883298976813,0.00932933299918659,0.00013241700071375817,0.025847333003184758,0.014130459006992169,0.01170862499566283,0.0034927090018754825,0.0001118749933084473,1.766700006555766e-05,8.504200377501547e-05,0.0009831229981500655,0.00022366699704434723,0.23394779200316407,14,22
circuit_831.jpg,0.003740957996342331,0.0005233340052654967,0.17381558299530298,0.008863957991707139,0.00015825001173652709,0.03788529199664481,0.07603862500400282,0.004537624990916811,0.04322437501105014,6.029200449120253e-05,2.5958011974580586e-05,0.00016975001199170947,0.00044037497718818486,0.00023995799710974097,0.3497243330057245,24,24
circuit_837.jpg,0.002568124997196719,0.0004498329944908619,0.014340167006594129,0.009042083998792805,0.00010741699952632189,0.02746895900054369,0.017355333009618334,0.0037649580044671893,0.0015502919995924458,2.7458008844405413e-05,1.3083990779705346e-05,5.43750065844506e-05,0.0003899149742210284,0.00022616700152866542,0.07735816699278075,6,6
circuit_843.jpg,0.0032383750076405704,0.0005486250011017546,0.016094500009785406,0.008902749992557801,0.0001069169957190752,0.028463499998906627,0.025435416988329962,0.004843875009100884,0.0018122500041499734,0.009365125006297603,1.641598646529019e-05,9.25839995034039e-05,0.0003926659992430359,0.00020599999697878957,0.09951899999578018,7,7
circuit_847.jpg,0.003181791995302774,0.00041120800597127527,0.19324762499309145,0.009142124996287748,0.000154208013555035,0.03661583400389645,0.05610845900082495,0.00785008299862966,0.06750829200609587,6.745800783392042e-05,3.316599759273231e-05,0.00020712499099317938,0.00043158298649359494,0.000255541002843529,0.37521449899941217,23,25
circuit_848.jpg,0.003614083005231805,0.00041708300705067813,0.18496312500792556,0.009546166998916306,0.0002119590062648058,0.042129499997827224,0.0914589170133695,0.012010375008685514,0.07402320799883455,0.01971475000027567,3.687500429805368e-05,0.00017708299856167287,0.0005914579523960128,0.0002156249975087121,0.43911020799714606,24,24
circuit_853.jpg,0.003286625011241995,0.0003296249924460426,0.02108941700134892,0.009389500002725981,0.0001141660031862557,0.03319183299026918,0.02977683299104683,0.005684832998667844,0.002012791999732144,3.2208990887738764e-05,1.3541008229367435e-05,6.979099998716265e-05,0.0005890020111110061,0.00022412500402424484,0.10580429200490471,8,8
circuit_855.jpg,0.004198167007416487,0.0005842079990543425,0.15366004200768657,0.009853249997831881,0.00021233300503809005,0.03359308400831651,0.04095674998825416,0.006146957995952107,0.005850667002960108,4.908400296699256e-05,2.2624997654929757e-05,0.00013758300337940454,0.0009395819797646254,0.00022508300025947392,0.2564294159965357,19,19
circuit_857.jpg,0.0035246250045020133,0.00035145900619681925,0.021055042001535185,0.010676875011995435,0.00038037498597986996,0.042833165993215516,0.038648834015475586,0.005391250000684522,0.0020439169893506914,2.9916991479694843e-05,1.9041981431655586e-05,6.083300104364753e-05,0.0008318730251630768,0.00020249999943189323,0.1260497080074856,7,7
circuit_858.jpg,0.0034233330079587176,0.0003814590018009767,0.15779987499990966,0.010030541001469828,0.000182625008164905,0.02987441599543672,0.025023333000717685,0.011364791003870778,0.002849291995516978,0.029311582999071106,4.358300066087395e-05,0.00012916600098833442,0.0013552529853768647,0.00022054099827073514,0.27198979099921416,13,21
circuit_887.jpg,0.0027689590060617775,0.0005342910008039325,0.136912707996089,0.00977420799608808,0.00015300000086426735,0.03766729199560359,0.06426958400697913,0.005815374999656342,0.08462700000382029,0.0002406670100754127,2.5417000870220363e-05,0.00015954099944792688,0.0004239159752614796,0.00022941699717193842,0.3436013749887934,18,18
circuit_89.jpg,0.0034704170102486387,0.00033379199157934636,0.02328641699568834,0.008944375003920868,0.00011254199489485472,0.029256042005727068,0.02877037499274593,0.004385000007459894,0.002220916998339817,4.1916006011888385e-05,1.6624995623715222e-05,6.654200842604041e-05,0.00045949898776598275,0.00019262499699834734,0.10155708399543073,7,7
circuit_891.jpg,0.0029132500058040023,0.0005973750085104257,0.1846990000049118,0.008941499996581115,0.00016208399028982967,0.04153537499951199,0.08306020800955594,0.005180958003620617,0.04152604199771304,6.004200258757919e-05,2.5959001504816115e-05,0.00017829200078267604,0.00041920597141142935,0.000243041999056004,0.36954233299184125,24,24
circuit_896.jpg,0.004027791001135483,0.0003869170031975955,0.13994054099021014,0.008895291000953875,0.00014283299969974905,0.033397457998944446,0.05682779100607149,0.005626332989777438,0.004518583999015391,4.949999856762588e-05,2.2415988496504724e-05,0.0001414580037817359,0.0012524210178526118,0.0002239580062450841,0.2554532920039492,19,19
circuit_914.jpg,0.004040500003611669,0.00043354199442546815,0.02100391600106377,0.009022375001222827,0.00010808400111272931,0.028998459005379118,0.02139541698852554,0.0050066249968949705,0.0016750420036260039,2.779100032057613e-05,1.0917006875388324e-05,5.7958008255809546e-05,0.0005930409824941307,0.0004066250112373382,0.09278029200504534,7,7
circuit_916.jpg,0.0038009169948054478,0.00045183300971984863,0.1974043330119457,0.009717875000205822,0.00018266700499225408,0.04196333300205879,0.07882554200477898,0.004931375005980954,0.03455404200940393,6.137498712632805e-05,2.5249988539144397e-05,0.00016825000056996942,0.0006716659845551476,0.00022645799617748708,0.3729849160008598,26,26
circuit_919.jpg,0.0038350410031853244,0.0003555000002961606,0.027975290999165736,0.009387833997607231,0.00018050000653602183,0.03526316600618884,0.052242250996641815,0.005115375010063872,0.0033372499892720953,4.012499994132668e-05,3.429100615903735e-05,8.454199996776879e-05,0.0008411669987253845,0.00023029099975246936,0.13892262401350308,12,12
circuit_920.jpg,0.0035808340035146102,0.00035595799272414297,0.01777445900370367,0.00897550000809133,0.00010987499263137579,0.028657791001023725,0.02525966700341087,0.005081458992208354,0.0018008339975494891,2.912498894147575e-05,1.183401036541909e-05,6.541599577758461e-05,0.0006049980147508904,0.00021679200290236622,0.0925245420075953,8,8
circuit_923.jpg,0.004104374995222315,0.0005001670069759712,0.012048750009853393,0.009536333003779873,0.00016033300198614597,0.03230212500784546,0.032707667007343844,0.004780124989338219,0.0010573749896138906,2.3707994841970503e-05,8.792005246505141e-06,4.841599729843438e-05,0.0008530420018360019,0.00018683300004340708,0.09831804101122543,5,5
circuit_927.jpg,0.0040352500072913244,0.00041445800161454827,0.16413295800157357,0.008869792000041343,0.00013137499627191573,0.026869167006225325,0.010472874986589886,0.02991483299410902,0.006394082985934801,0.011037542004487477,1.9000013708136976e-05,8.57920094858855e-05,0.0009482919849688187,0.00023683300241827965,0.26356224999472033,14,22
circuit_928.jpg,0.0026744159986265004,0.000308749993564561,0.019278166990261525,0.009795624995604157,0.00013374999980442226,0.02893075000611134,0.02946624999458436,0.005491666990565136,0.001943040988408029,3.370900230947882e-05,1.5332989278249443e-05,7.320799340959638e-05,0.00039887505408842117,0.00023179101117420942,0.09877533200778998,9,9
circuit_930.jpg,0.004866416988079436,0.0005783750093542039,0.1399102919967845,0.008774333007750101,0.00013662499259226024,0.031537708011455834,0.0444359999964945,0.005222749998210929,0.003915916997357272,4.962499951943755e-05,2.0998995751142502e-05,0.00013949999993201345,0.00041137600783258677,0.00024179100000765175,0.24024170800112188,19,19
circuit_934.jpg,0.003498666002997197,0.00031370800570584834,0.01749437500257045,0.0095794160006335,0.00011254199489485472,0.028509000010672025,0.017261540997424163,0.004330750001827255,0.0016730420029489323,2.7332993340678513e-05,1.1041993275284767e-05,5.750000127591193e-05,0.0011200430017197505,0.00020604200835805386,0.0841950000176439,7,7
circuit_936.jpg,0.0025462500052526593,0.00037145901296753436,0.13649183401139453,0.008819499998935498,0.00013854200369678438,0.04038354101066943,0.06336575098976027,0.007835750002413988,0.0605093750054948,4.57499991171062e-05,2.2458989406004548e-05,0.00013070899876765907,0.0004302459710743278,0.00019095800234936178,0.32128212400129996,14,16
circuit_940.jpg,0.003668582998216152,0.0004565000126603991,0.015004957997007295,0.009665707999374717,0.00016799999866634607,0.03257812499941792,0.02147541601152625,0.00879700000223238,0.0025969999842345715,0.009403416013810784,1.387599331792444e-05,5.85000088904053e-05,0.0014245839847717434,0.0002105839957948774,0.10552224999992177,5,5
circuit_941.jpg,0.0049231659941142425,0.00040470800013281405,0.14962637500138953,0.009938625007634982,0.00015829098992981017,0.04016541699820664,0.06423741600883659,0.005482417007442564,0.004247416989528574,5.012498877476901e-05,2.1333995391614735e-05,0.00014737500168848783,0.0004207090096315369,0.00029675000405404717,0.2801201249967562,19,19
circuit_949.jpg,0.00516254200192634,0.0005681249895133078,0.20207099999242928,0.012133125012042001,0.00019712500215973705,0.04605224999249913,0.08633012500649784,0.012348916003247723,0.10150004200113472,0.012323208997258916,6.60419900668785e-05,0.00024037499679252505,0.0012630830169655383,0.0002806249976856634,0.4805365840002196,22,24
circuit_958.jpg,0.0044428749970393255,0.00047204201109707355,0.022905416990397498,0.01004412499605678,0.00014037500659469515,0.029313791004824452,0.021796374989207834,0.0046765420120209455,0.001931958002387546,2.89169984171167e-05,1.129199517890811e-05,6.0250007663853467e-05,0.00043779099360108376,0.00017329200636595488,0.09643504201085307,7,7
circuit_96.jpg,0.004264250004780479,0.00041287500062026083,0.20017904200358316,0.011528333998285234,0.00019466699450276792,0.03971629199804738,0.0636934589856537,0.009038582997163758,0.08376854099333286,6.533299165312201e-05,2.587500785011798e-05,0.0001635410008020699,0.0007633740169694647,0.0002410000015515834,0.41405516599479597,22,24
circuit_98.jpg,0.005792707990622148,0.0005560840072575957,0.17808729199168738,0.008875084007740952,0.0001572499895701185,0.03284025000175461,0.05561149898858275,0.008086374989943579,0.04783379098807927,6.704199768137187e-05,2.4500011932104826e-05,0.00016166600107681006,0.000437459020758979,0.0002654169948073104,0.338796416981495,23,25
circuit_981.jpg,0.005052334003266878,0.00042995798867195845,0.21867470900178887,0.009732374994200654,0.00020974999642930925,0.04455937500461005,0.09491912501107436,0.005316708993632346,0.04678862499713432,0.00016258400864899158,2.9000002541579306e-05,0.00013745900650974363,0.00045408098958432674,0.0002549580094637349,0.4267210420075571,28,28
circuit_985.jpg,0.004145625003729947,0.00041325000347569585,0.1424510829965584,0.008848666999256238,0.00014762498904019594,0.036667708001914434,0.08196929200494196,0.00899716600542888,0.05983537499560043,6.158300675451756e-05,2.654099080245942e-05,0.00015429098857566714,0.00043725300929509103,0.00019637499644886702,0.3443518339918228,16,18
circuit_988.jpg,0.006278917004237883,0.0004765830090036616,0.014462750012171455,0.008752082998398691,0.00012437500117812306,0.029376000005868264,0.025311665987828746,0.004807624995009974,0.0015010830102255568,2.5291999918408692e-05,1.2541015166789293e-05,5.691699334420264e-05,0.0004005019727628678,0.00018112501129508018,0.0917674590164097,6,6
circuit_991.jpg,0.00826262500777375,0.000519791996339336,0.02006920799612999,0.009031291992869228,0.00011154200183227658,0.029254875000333413,0.025569458986865357,0.005179083003895357,0.028390082996338606,0.00792837499466259,2.6458001229912043e-05,0.0001489160058554262,0.0004135420167585835,0.00020770900300703943,0.13511295900389086,9,9
circuit_999.jpg,0.002579166990472004,0.0003375829983269796,0.02141525001206901,0.009285666994401254,0.0001245829917024821,0.026472458004718646,0.021220541006186977,0.004670875001465902,0.0025362500018673018,3.200001083314419e-05,1.3999000657349825e-05,6.933299300726503e-05,0.0003851689980365336,0.00017720799951348454,0.08932008300325833,9,9
