file,column,n,mean,std,min,median,max
experiments/legacy/pipeline_evaluation.csv,num_components,100,14.0,0.0,14.0,14.0,14.0
experiments/legacy/pipeline_evaluation.csv,num_wire_nodes,100,0.0,0.0,0.0,0.0,0.0
experiments/legacy/pipeline_evaluation.csv,terminal_snap_rate,100,0.0,0.0,0.0,0.0,0.0
experiments/legacy/pipeline_evaluation.csv,fully_connected_rate,100,0.0,0.0,0.0,0.0,0.0
experiments/legacy/pipeline_evaluation.csv,netlist_generated,100,0.0,0.0,0.0,0.0,0.0
experiments/legacy/pipeline_evaluation.csv,ngspice_ok,100,0.0,0.0,0.0,0.0,0.0
experiments/train_all/runs/yolov8m_640_seed0/results.csv,epoch,165,83.0,47.7755,1.0,83.0,165.0
experiments/train_all/runs/yolov8m_640_seed0/results.csv,time,165,1033.8202,592.0299,12.3101,1041.69,2041.65
experiments/train_all/runs/yolov8m_640_seed0/results.csv,train/box_loss,165,0.8176,0.1953,0.5777,0.7813,2.0444
experiments/train_all/runs/yolov8m_640_seed0/results.csv,train/cls_loss,165,0.4291,0.2251,0.2967,0.38,2.8298
experiments/train_all/runs/yolov8m_640_seed0/results.csv,train/dfl_loss,165,0.9419,0.0743,0.8618,0.9263,1.5065
experiments/train_all/runs/yolov8m_640_seed0/results.csv,metrics/precision(B),165,0.9518,0.043,0.546,0.9617,0.9772
experiments/train_all/runs/yolov8m_640_seed0/results.csv,metrics/recall(B),165,0.9523,0.0282,0.6824,0.9595,0.978
experiments/train_all/runs/yolov8m_640_seed0/results.csv,metrics/mAP50(B),165,0.9697,0.0342,0.5843,0.9762,0.9839
experiments/train_all/runs/yolov8m_640_seed0/results.csv,metrics/mAP50-95(B),165,0.7122,0.0395,0.3293,0.7228,0.7383
experiments/train_all/runs/yolov8m_640_seed0/results.csv,val/box_loss,165,1.0274,0.0602,0.9687,1.0093,1.4834
experiments/train_all/runs/yolov8m_640_seed0/results.csv,val/cls_loss,165,0.4234,0.1116,0.3658,0.3926,1.5216
experiments/train_all/runs/yolov8m_640_seed0/results.csv,val/dfl_loss,165,1.0686,0.0224,1.0358,1.0653,1.2495
experiments/train_all/runs/yolov8m_640_seed0/results.csv,lr/pg0,165,0.0003,0.0001,0.0002,0.0003,0.0005
experiments/train_all/runs/yolov8m_640_seed0/results.csv,lr/pg1,165,0.0003,0.0001,0.0002,0.0003,0.0005
experiments/train_all/runs/yolov8m_640_seed0/results.csv,lr/pg2,165,0.0003,0.0001,0.0002,0.0003,0.0005
experiments/train_all/runs/yolov8n_640_seed0/results.csv,epoch,251,126.0,72.6017,1.0,126.0,251.0
experiments/train_all/runs/yolov8n_640_seed0/results.csv,time,251,473.6109,270.477,4.2543,472.358,938.153
experiments/train_all/runs/yolov8n_640_seed0/results.csv,train/box_loss,251,0.9124,0.1825,0.7272,0.8748,2.6689
experiments/train_all/runs/yolov8n_640_seed0/results.csv,train/cls_loss,251,0.5669,0.3773,0.3913,0.4763,4.8162
experiments/train_all/runs/yolov8n_640_seed0/results.csv,train/dfl_loss,251,0.9282,0.0665,0.8761,0.9152,1.7379
experiments/train_all/runs/yolov8n_640_seed0/results.csv,metrics/precision(B),251,0.9216,0.119,0.0,0.951,0.9668
experiments/train_all/runs/yolov8n_640_seed0/results.csv,metrics/recall(B),251,0.9255,0.0924,0.0,0.946,0.9662
experiments/train_all/runs/yolov8n_640_seed0/results.csv,metrics/mAP50(B),251,0.9452,0.1128,0.0,0.9681,0.9792
experiments/train_all/runs/yolov8n_640_seed0/results.csv,metrics/mAP50-95(B),251,0.6818,0.0902,0.0,0.7055,0.7251
experiments/train_all/runs/yolov8n_640_seed0/results.csv,val/box_loss,251,1.0779,0.0884,0.9804,1.0555,1.6947
experiments/train_all/runs/yolov8n_640_seed0/results.csv,val/cls_loss,251,0.5916,0.5093,0.4168,0.4712,4.6116
experiments/train_all/runs/yolov8n_640_seed0/results.csv,val/dfl_loss,251,1.0036,0.0299,0.9685,0.9972,1.2081
experiments/train_all/runs/yolov8n_640_seed0/results.csv,lr/pg0,251,0.0003,0.0001,0.0001,0.0003,0.0005
experiments/train_all/runs/yolov8n_640_seed0/results.csv,lr/pg1,251,0.0003,0.0001,0.0001,0.0003,0.0005
experiments/train_all/runs/yolov8n_640_seed0/results.csv,lr/pg2,251,0.0003,0.0001,0.0001,0.0003,0.0005
experiments/train_all/runs/yolov8s_640_seed0/results.csv,epoch,136,68.5,39.4039,1.0,68.5,136.0
experiments/train_all/runs/yolov8s_640_seed0/results.csv,time,136,413.2222,235.2739,7.7446,413.2065,815.067
experiments/train_all/runs/yolov8s_640_seed0/results.csv,train/box_loss,136,0.8976,0.1964,0.702,0.8563,2.4236
experiments/train_all/runs/yolov8s_640_seed0/results.csv,train/cls_loss,136,0.5169,0.3532,0.3615,0.4405,4.122
experiments/train_all/runs/yolov8s_640_seed0/results.csv,train/dfl_loss,136,0.9232,0.0781,0.8664,0.9076,1.667
experiments/train_all/runs/yolov8s_640_seed0/results.csv,metrics/precision(B),136,0.9389,0.0672,0.4105,0.9538,0.9703
experiments/train_all/runs/yolov8s_640_seed0/results.csv,metrics/recall(B),136,0.9393,0.0541,0.5053,0.9529,0.968
experiments/train_all/runs/yolov8s_640_seed0/results.csv,metrics/mAP50(B),136,0.9607,0.067,0.3457,0.9739,0.9801
experiments/train_all/runs/yolov8s_640_seed0/results.csv,metrics/mAP50-95(B),136,0.694,0.0629,0.1964,0.7113,0.7288
experiments/train_all/runs/yolov8s_640_seed0/results.csv,val/box_loss,136,1.0412,0.0786,0.9737,1.0175,1.5513
experiments/train_all/runs/yolov8s_640_seed0/results.csv,val/cls_loss,136,0.4927,0.2245,0.3942,0.4391,2.511
experiments/train_all/runs/yolov8s_640_seed0/results.csv,val/dfl_loss,136,0.987,0.0323,0.9639,0.9789,1.2649
experiments/train_all/runs/yolov8s_640_seed0/results.csv,lr/pg0,136,0.0004,0.0001,0.0002,0.0004,0.0005
experiments/train_all/runs/yolov8s_640_seed0/results.csv,lr/pg1,136,0.0004,0.0001,0.0002,0.0004,0.0005
experiments/train_all/runs/yolov8s_640_seed0/results.csv,lr/pg2,136,0.0004,0.0001,0.0002,0.0004,0.0005
experiments/train_all/runs/yolov8s_640_seed1/results.csv,epoch,89,45.0,25.836,1.0,45.0,89.0
experiments/train_all/runs/yolov8s_640_seed1/results.csv,time,89,270.1994,152.3534,6.6724,271.388,528.22
experiments/train_all/runs/yolov8s_640_seed1/results.csv,train/box_loss,89,0.9748,0.1986,0.8012,0.9351,2.3943
experiments/train_all/runs/yolov8s_640_seed1/results.csv,train/cls_loss,89,0.5804,0.3831,0.4107,0.4936,3.7466
experiments/train_all/runs/yolov8s_640_seed1/results.csv,train/dfl_loss,89,0.9444,0.0819,0.8906,0.9293,1.6162
experiments/train_all/runs/yolov8s_640_seed1/results.csv,metrics/precision(B),89,0.9224,0.0926,0.3019,0.9472,0.9678
experiments/train_all/runs/yolov8s_640_seed1/results.csv,metrics/recall(B),89,0.9286,0.0577,0.5278,0.9451,0.961
experiments/train_all/runs/yolov8s_640_seed1/results.csv,metrics/mAP50(B),89,0.9506,0.0815,0.3513,0.9701,0.9797
experiments/train_all/runs/yolov8s_640_seed1/results.csv,metrics/mAP50-95(B),89,0.6806,0.0731,0.1889,0.6995,0.725
experiments/train_all/runs/yolov8s_640_seed1/results.csv,val/box_loss,89,1.0632,0.0806,0.9749,1.0398,1.573
experiments/train_all/runs/yolov8s_640_seed1/results.csv,val/cls_loss,89,0.5328,0.2423,0.4116,0.4689,2.2783
experiments/train_all/runs/yolov8s_640_seed1/results.csv,val/dfl_loss,89,0.988,0.0281,0.9609,0.9808,1.1797
experiments/train_all/runs/yolov8s_640_seed1/results.csv,lr/pg0,89,0.0004,0.0,0.0002,0.0004,0.0005
experiments/train_all/runs/yolov8s_640_seed1/results.csv,lr/pg1,89,0.0004,0.0,0.0002,0.0004,0.0005
experiments/train_all/runs/yolov8s_640_seed1/results.csv,lr/pg2,89,0.0004,0.0,0.0002,0.0004,0.0005
experiments/train_all/runs/yolov8s_640_seed2/results.csv,epoch,190,95.5,54.9924,1.0,95.5,190.0
experiments/train_all/runs/yolov8s_640_seed2/results.csv,time,190,574.3322,329.5603,6.6469,573.6675,1139.72
experiments/train_all/runs/yolov8s_640_seed2/results.csv,train/box_loss,190,0.8285,0.1972,0.6097,0.7899,2.3925
experiments/train_all/runs/yolov8s_640_seed2/results.csv,train/cls_loss,190,0.4647,0.2965,0.3192,0.4023,3.9126
experiments/train_all/runs/yolov8s_640_seed2/results.csv,train/dfl_loss,190,0.8992,0.0703,0.8412,0.8839,1.6314
experiments/train_all/runs/yolov8s_640_seed2/results.csv,metrics/precision(B),190,0.9443,0.0618,0.3777,0.9588,0.9724
experiments/train_all/runs/yolov8s_640_seed2/results.csv,metrics/recall(B),190,0.944,0.046,0.4669,0.9539,0.9725
experiments/train_all/runs/yolov8s_640_seed2/results.csv,metrics/mAP50(B),190,0.9625,0.057,0.3271,0.9731,0.9794
experiments/train_all/runs/yolov8s_640_seed2/results.csv,metrics/mAP50-95(B),190,0.7004,0.0552,0.1917,0.7161,0.7311
experiments/train_all/runs/yolov8s_640_seed2/results.csv,val/box_loss,190,1.03,0.0706,0.9708,1.005,1.4968
experiments/train_all/runs/yolov8s_640_seed2/results.csv,val/cls_loss,190,0.4636,0.178,0.3844,0.4182,2.2509
experiments/train_all/runs/yolov8s_640_seed2/results.csv,val/dfl_loss,190,0.9765,0.0283,0.9548,0.9702,1.2295
experiments/train_all/runs/yolov8s_640_seed2/results.csv,lr/pg0,190,0.0003,0.0001,0.0002,0.0003,0.0005
experiments/train_all/runs/yolov8s_640_seed2/results.csv,lr/pg1,190,0.0003,0.0001,0.0002,0.0003,0.0005
experiments/train_all/runs/yolov8s_640_seed2/results.csv,lr/pg2,190,0.0003,0.0001,0.0002,0.0003,0.0005
results/ablations/pad0/per_image.csv,n_pred,190,13.5684,6.6263,4.0,14.0,28.0
results/ablations/pad0/per_image.csv,n_gt,190,13.5105,6.6035,4.0,14.0,28.0
results/ablations/pad0/per_image.csv,matched,190,13.3,6.4946,4.0,13.0,28.0
results/ablations/pad0/per_image.csv,unmatched_pred,190,0.2684,0.6797,0.0,0.0,4.0
results/ablations/pad0/per_image.csv,unmatched_gt,190,0.2105,0.5324,0.0,0.0,2.0
results/ablations/pad0/per_image.csv,terminal_pair_precision,190,0.6837,0.2906,0.1034,0.7264,1.0
results/ablations/pad0/per_image.csv,terminal_pair_recall,190,0.6019,0.3134,0.07,0.5811,1.0
results/ablations/pad0/per_image.csv,terminal_pair_f1,190,0.6245,0.3021,0.1,0.6237,1.0
results/ablations/pad0/per_image.csv,net_f1,190,0.7518,0.2141,0.1905,0.7817,1.0
results/ablations/pad0/per_image.csv,per_component_connected_acc,190,0.3856,0.3988,0.0,0.2,1.0
results/ablations/pad0/per_image.csv,nged,190,0.2134,0.1591,0.0,0.23,0.4815
results/ablations/pad0/per_image.csv,strict_success,190,0.2211,0.4161,0.0,0.0,1.0
results/ablations/pad0/per_image.csv,spice_valid,190,0.9737,0.1605,0.0,1.0,1.0
results/ablations/pad0/per_image.csv,solvable_before,190,0.4368,0.4973,0.0,0.0,1.0
results/ablations/pad0/per_image.csv,solvable_after,190,0.7053,0.4571,0.0,1.0,1.0
results/ablations/pad0/per_image.csv,num_assumptions,190,3.5842,1.5016,1.0,3.0,8.0
results/ablations/pad0/per_image.csv,num_gauge,190,1.7,0.5034,0.0,2.0,2.0
results/ablations/pad0_ports/per_image.csv,n_pred,190,13.5684,6.6263,4.0,14.0,28.0
results/ablations/pad0_ports/per_image.csv,n_gt,190,13.5105,6.6035,4.0,14.0,28.0
results/ablations/pad0_ports/per_image.csv,matched,190,13.3,6.4946,4.0,13.0,28.0
results/ablations/pad0_ports/per_image.csv,unmatched_pred,190,0.2684,0.6797,0.0,0.0,4.0
results/ablations/pad0_ports/per_image.csv,unmatched_gt,190,0.2105,0.5324,0.0,0.0,2.0
results/ablations/pad0_ports/per_image.csv,terminal_pair_precision,190,0.7019,0.2961,0.0588,0.7617,1.0
results/ablations/pad0_ports/per_image.csv,terminal_pair_recall,190,0.6944,0.3073,0.0909,0.7556,1.0
results/ablations/pad0_ports/per_image.csv,terminal_pair_f1,190,0.6712,0.3037,0.0719,0.7303,1.0
results/ablations/pad0_ports/per_image.csv,net_f1,190,0.7797,0.2165,0.2222,0.8234,1.0
results/ablations/pad0_ports/per_image.csv,per_component_connected_acc,190,0.5058,0.4145,0.0,0.4129,1.0
results/ablations/pad0_ports/per_image.csv,nged,190,0.1989,0.1618,0.0,0.1974,0.4762
results/ablations/pad0_ports/per_image.csv,strict_success,190,0.3211,0.4681,0.0,0.0,1.0
results/ablations/pad0_ports/per_image.csv,spice_valid,190,0.9947,0.0725,0.0,1.0,1.0
results/ablations/pad0_ports/per_image.csv,solvable_before,190,0.4737,0.5006,0.0,0.0,1.0
results/ablations/pad0_ports/per_image.csv,solvable_after,190,0.7211,0.4497,0.0,1.0,1.0
results/ablations/pad0_ports/per_image.csv,num_assumptions,190,2.9789,1.195,1.0,3.0,8.0
results/ablations/pad0_ports/per_image.csv,num_gauge,190,1.7,0.5034,0.0,2.0,2.0
results/ablations/res1024/per_image.csv,n_pred,190,13.6368,6.669,4.0,14.0,28.0
results/ablations/res1024/per_image.csv,n_gt,190,13.5105,6.6035,4.0,14.0,28.0
results/ablations/res1024/per_image.csv,matched,190,13.2263,6.5106,3.0,13.0,28.0
results/ablations/res1024/per_image.csv,unmatched_pred,190,0.4105,0.8229,0.0,0.0,5.0
results/ablations/res1024/per_image.csv,unmatched_gt,190,0.2842,0.6532,0.0,0.0,4.0
results/ablations/res1024/per_image.csv,terminal_pair_precision,190,0.7197,0.2861,0.1019,0.7579,1.0
results/ablations/res1024/per_image.csv,terminal_pair_recall,190,0.7491,0.2795,0.0909,0.8308,1.0
results/ablations/res1024/per_image.csv,terminal_pair_f1,190,0.7076,0.2854,0.1111,0.7815,1.0
results/ablations/res1024/per_image.csv,net_f1,190,0.8083,0.2059,0.2222,0.8667,1.0
results/ablations/res1024/per_image.csv,per_component_connected_acc,190,0.5692,0.3982,0.0,0.5,1.0
results/ablations/res1024/per_image.csv,nged,190,0.1886,0.1624,0.0,0.1953,0.4773
results/ablations/res1024/per_image.csv,strict_success,190,0.3526,0.4791,0.0,0.0,1.0
results/ablations/res1024/per_image.csv,spice_valid,190,0.9895,0.1023,0.0,1.0,1.0
results/ablations/res1024/per_image.csv,solvable_before,190,0.5211,0.5009,0.0,1.0,1.0
results/ablations/res1024/per_image.csv,solvable_after,190,0.7421,0.4386,0.0,1.0,1.0
results/ablations/res1024/per_image.csv,num_assumptions,190,2.6263,0.8372,1.0,2.0,6.0
results/ablations/res1024/per_image.csv,num_gauge,190,1.7,0.5034,0.0,2.0,2.0
results/ablations/snapping_ports/per_image.csv,n_pred,190,13.5684,6.6263,4.0,14.0,28.0
results/ablations/snapping_ports/per_image.csv,n_gt,190,13.5105,6.6035,4.0,14.0,28.0
results/ablations/snapping_ports/per_image.csv,matched,190,13.3,6.4946,4.0,13.0,28.0
results/ablations/snapping_ports/per_image.csv,unmatched_pred,190,0.2684,0.6797,0.0,0.0,4.0
results/ablations/snapping_ports/per_image.csv,unmatched_gt,190,0.2105,0.5324,0.0,0.0,2.0
results/ablations/snapping_ports/per_image.csv,terminal_pair_precision,190,0.5637,0.2662,0.0,0.5472,1.0
results/ablations/snapping_ports/per_image.csv,terminal_pair_recall,190,0.4964,0.2621,0.0,0.4878,1.0
results/ablations/snapping_ports/per_image.csv,terminal_pair_f1,190,0.5059,0.2533,0.0,0.4541,1.0
results/ablations/snapping_ports/per_image.csv,net_f1,190,0.6794,0.1764,0.1961,0.6667,1.0
results/ablations/snapping_ports/per_image.csv,per_component_connected_acc,190,0.2126,0.2898,0.0,0.0935,1.0
results/ablations/snapping_ports/per_image.csv,nged,190,0.2216,0.1342,0.0,0.2308,0.4652
results/ablations/snapping_ports/per_image.csv,strict_success,190,0.0632,0.2439,0.0,0.0,1.0
results/ablations/snapping_ports/per_image.csv,spice_valid,190,0.9895,0.1023,0.0,1.0,1.0
results/ablations/snapping_ports/per_image.csv,solvable_before,190,0.3632,0.4822,0.0,0.0,1.0
results/ablations/snapping_ports/per_image.csv,solvable_after,190,0.7316,0.4443,0.0,1.0,1.0
results/ablations/snapping_ports/per_image.csv,num_assumptions,190,4.0211,1.4363,1.0,4.0,8.0
results/ablations/snapping_ports/per_image.csv,num_gauge,190,1.7,0.5034,0.0,2.0,2.0
results/ablations/wire_method/classical/per_image.csv,n_pred,190,13.0158,6.9644,4.0,12.5,28.0
results/ablations/wire_method/classical/per_image.csv,n_gt,190,13.5105,6.6035,4.0,14.0,28.0
results/ablations/wire_method/classical/per_image.csv,matched,190,12.6,6.7892,3.0,11.5,28.0
results/ablations/wire_method/classical/per_image.csv,unmatched_pred,190,0.4158,0.7772,0.0,0.0,4.0
results/ablations/wire_method/classical/per_image.csv,unmatched_gt,190,0.9105,1.3559,0.0,0.0,7.0
results/ablations/wire_method/classical/per_image.csv,terminal_pair_precision,190,0.2686,0.2345,0.0,0.2017,1.0
results/ablations/wire_method/classical/per_image.csv,terminal_pair_recall,190,0.1387,0.1742,0.0,0.0794,1.0
results/ablations/wire_method/classical/per_image.csv,terminal_pair_f1,190,0.1627,0.1793,0.0,0.1192,0.8947
results/ablations/wire_method/classical/per_image.csv,net_f1,190,0.4334,0.151,0.2,0.4,0.9714
results/ablations/wire_method/classical/per_image.csv,per_component_connected_acc,190,0.0239,0.1104,0.0,0.0,1.0
results/ablations/wire_method/classical/per_image.csv,nged,190,0.2784,0.1019,0.0,0.281,0.5181
results/ablations/wire_method/classical/per_image.csv,strict_success,190,0.0,0.0,0.0,0.0,0.0
results/ablations/wire_method/classical/per_image.csv,spice_valid,190,0.9684,0.1753,0.0,1.0,1.0
results/ablations/wire_method/classical/per_image.csv,solvable_before,190,0.2842,0.4522,0.0,0.0,1.0
results/ablations/wire_method/classical/per_image.csv,solvable_after,190,0.7579,0.4295,0.0,1.0,1.0
results/ablations/wire_method/classical/per_image.csv,num_assumptions,190,5.8263,2.4487,2.0,5.0,14.0
results/ablations/wire_method/classical/per_image.csv,num_gauge,190,1.5789,0.5649,0.0,2.0,2.0
results/ablations/wire_method/crossover_aware/per_image.csv,n_pred,190,13.0158,6.9644,4.0,12.5,28.0
results/ablations/wire_method/crossover_aware/per_image.csv,n_gt,190,13.5105,6.6035,4.0,14.0,28.0
results/ablations/wire_method/crossover_aware/per_image.csv,matched,190,12.6,6.7892,3.0,11.5,28.0
results/ablations/wire_method/crossover_aware/per_image.csv,unmatched_pred,190,0.4158,0.7772,0.0,0.0,4.0
results/ablations/wire_method/crossover_aware/per_image.csv,unmatched_gt,190,0.9105,1.3559,0.0,0.0,7.0
results/ablations/wire_method/crossover_aware/per_image.csv,terminal_pair_precision,190,0.2781,0.2373,0.0,0.2275,1.0
results/ablations/wire_method/crossover_aware/per_image.csv,terminal_pair_recall,190,0.1367,0.1736,0.0,0.0696,1.0
results/ablations/wire_method/crossover_aware/per_image.csv,terminal_pair_f1,190,0.1644,0.1805,0.0,0.1111,0.8947
results/ablations/wire_method/crossover_aware/per_image.csv,net_f1,190,0.4389,0.1484,0.2,0.4,0.9714
results/ablations/wire_method/crossover_aware/per_image.csv,per_component_connected_acc,190,0.0239,0.1104,0.0,0.0,1.0
results/ablations/wire_method/crossover_aware/per_image.csv,nged,190,0.2764,0.1001,0.0,0.2821,0.5181
results/ablations/wire_method/crossover_aware/per_image.csv,strict_success,190,0.0,0.0,0.0,0.0,0.0
results/ablations/wire_method/crossover_aware/per_image.csv,spice_valid,190,0.9737,0.1605,0.0,1.0,1.0
results/ablations/wire_method/crossover_aware/per_image.csv,solvable_before,190,0.2737,0.447,0.0,0.0,1.0
results/ablations/wire_method/crossover_aware/per_image.csv,solvable_after,190,0.7526,0.4326,0.0,1.0,1.0
results/ablations/wire_method/crossover_aware/per_image.csv,num_assumptions,190,5.9105,2.4597,2.0,5.0,14.0
results/ablations/wire_method/crossover_aware/per_image.csv,num_gauge,190,1.5789,0.5649,0.0,2.0,2.0
results/ablations/wire_method.csv,n_images,7,190.0,0.0,190.0,190.0,190.0
results/ablations/wire_method.csv,stitch_masked_gaps,7,0.2857,0.488,0.0,0.0,1.0
results/ablations/wire_method.csv,handle_crossovers,7,0.4286,0.5345,0.0,0.0,1.0
results/ablations/wire_method.csv,terminal_pair_f1,7,0.2893,0.1348,0.1627,0.2025,0.4626
results/ablations/wire_method.csv,terminal_pair_f1_ci95_lo,7,0.2589,0.1288,0.1396,0.1741,0.425
results/ablations/wire_method.csv,terminal_pair_f1_ci95_hi,7,0.3212,0.1394,0.1904,0.2315,0.499
results/ablations/wire_method.csv,net_f1,7,0.5097,0.0945,0.431,0.4389,0.6366
results/ablations/wire_method.csv,net_f1_ci95_lo,7,0.4821,0.0901,0.4016,0.4201,0.604
results/ablations/wire_method.csv,net_f1_ci95_hi,7,0.5372,0.0979,0.4555,0.4635,0.6664
results/ablations/wire_method.csv,per_component_connected_acc,7,0.0886,0.0743,0.0239,0.0362,0.1841
results/ablations/wire_method.csv,per_component_connected_acc_ci95_lo,7,0.0644,0.0635,0.0106,0.0179,0.1447
results/ablations/wire_method.csv,per_component_connected_acc_ci95_hi,7,0.1153,0.0832,0.0408,0.059,0.2213
results/ablations/wire_method.csv,nged,7,0.2498,0.0222,0.2188,0.2481,0.2784
results/ablations/wire_method.csv,nged_ci95_lo,7,0.2327,0.0242,0.1999,0.2308,0.2645
results/ablations/wire_method.csv,nged_ci95_hi,7,0.2663,0.0199,0.2372,0.2649,0.2914
results/ablations/wire_method.csv,strict_success,7,0.0188,0.025,0.0,0.0,0.0526
results/ablations/wire_method.csv,strict_success_ci95_lo,7,0.0068,0.01,0.0,0.0,0.0211
results/ablations/wire_method.csv,strict_success_ci95_hi,7,0.0316,0.0408,0.0,0.0,0.0842
results/ablations/wire_method.csv,solvable_before_rate,7,0.3556,0.0598,0.2737,0.3579,0.4368
results/ablations/wire_method.csv,solvable_after_rate,7,0.7399,0.0314,0.6895,0.7526,0.7737
results/ablations/wire_method.csv,mean_assumptions,7,4.8932,0.857,3.9526,5.1895,5.9105
results/ablations/wire_method.csv,mean_gauge,7,1.6654,0.0591,1.5789,1.7,1.7
results/ablations/wire_method.csv,spice_valid_rate,7,0.9677,0.0083,0.9526,0.9684,0.9789
results/ablations_1024/abl_classical/per_image.csv,n_pred,190,13.6368,6.669,4.0,14.0,28.0
results/ablations_1024/abl_classical/per_image.csv,n_gt,190,13.5105,6.6035,4.0,14.0,28.0
results/ablations_1024/abl_classical/per_image.csv,matched,190,13.2263,6.5106,3.0,13.0,28.0
results/ablations_1024/abl_classical/per_image.csv,unmatched_pred,190,0.4105,0.8229,0.0,0.0,5.0
results/ablations_1024/abl_classical/per_image.csv,unmatched_gt,190,0.2842,0.6532,0.0,0.0,4.0
results/ablations_1024/abl_classical/per_image.csv,terminal_pair_precision,190,0.2833,0.2186,0.0,0.2429,1.0
results/ablations_1024/abl_classical/per_image.csv,terminal_pair_recall,190,0.2117,0.2113,0.0,0.1429,1.0
results/ablations_1024/abl_classical/per_image.csv,terminal_pair_f1,190,0.217,0.1994,0.0,0.1598,0.8947
results/ablations_1024/abl_classical/per_image.csv,net_f1,190,0.4618,0.1746,0.1724,0.4211,0.9714
results/ablations_1024/abl_classical/per_image.csv,per_component_connected_acc,190,0.0408,0.1471,0.0,0.0,1.0
results/ablations_1024/abl_classical/per_image.csv,nged,190,0.2577,0.1234,0.0,0.2523,0.472
results/ablations_1024/abl_classical/per_image.csv,strict_success,190,0.0,0.0,0.0,0.0,0.0
results/ablations_1024/abl_classical/per_image.csv,spice_valid,190,0.9579,0.2014,0.0,1.0,1.0
results/ablations_1024/abl_classical/per_image.csv,solvable_before,190,0.4211,0.495,0.0,0.0,1.0
results/ablations_1024/abl_classical/per_image.csv,solvable_after,190,0.7579,0.4295,0.0,1.0,1.0
results/ablations_1024/abl_classical/per_image.csv,num_assumptions,190,5.1842,2.0632,2.0,5.0,12.0
results/ablations_1024/abl_classical/per_image.csv,num_gauge,190,1.7,0.5034,0.0,2.0,2.0
results/ablations_1024/abl_crossover/per_image.csv,n_pred,190,13.6368,6.669,4.0,14.0,28.0
results/ablations_1024/abl_crossover/per_image.csv,n_gt,190,13.5105,6.6035,4.0,14.0,28.0
results/ablations_1024/abl_crossover/per_image.csv,matched,190,13.2263,6.5106,3.0,13.0,28.0
results/ablations_1024/abl_crossover/per_image.csv,unmatched_pred,190,0.4105,0.8229,0.0,0.0,5.0
results/ablations_1024/abl_crossover/per_image.csv,unmatched_gt,190,0.2842,0.6532,0.0,0.0,4.0
results/ablations_1024/abl_crossover/per_image.csv,terminal_pair_precision,190,0.5998,0.268,0.0968,0.6027,1.0
results/ablations_1024/abl_crossover/per_image.csv,terminal_pair_recall,190,0.5171,0.2668,0.0909,0.4925,1.0
results/ablations_1024/abl_crossover/per_image.csv,terminal_pair_f1,190,0.5425,0.262,0.1,0.5,1.0
results/ablations_1024/abl_crossover/per_image.csv,net_f1,190,0.7098,0.1774,0.2667,0.7,1.0
results/ablations_1024/abl_crossover/per_image.csv,per_component_connected_acc,190,0.2587,0.3209,0.0,0.125,1.0
results/ablations_1024/abl_crossover/per_image.csv,nged,190,0.2086,0.1359,0.0,0.2188,0.4944
results/ablations_1024/abl_crossover/per_image.csv,strict_success,190,0.1,0.3008,0.0,0.0,1.0
results/ablations_1024/abl_crossover/per_image.csv,spice_valid,190,0.9947,0.0725,0.0,1.0,1.0
results/ablations_1024/abl_crossover/per_image.csv,solvable_before,190,0.4158,0.4942,0.0,0.0,1.0
results/ablations_1024/abl_crossover/per_image.csv,solvable_after,190,0.7474,0.4357,0.0,1.0,1.0
results/ablations_1024/abl_crossover/per_image.csv,num_assumptions,190,3.8263,1.3787,1.0,4.0,9.0
results/ablations_1024/abl_crossover/per_image.csv,num_gauge,190,1.7,0.5034,0.0,2.0,2.0
results/ablations_1024/abl_ink_boundary/per_image.csv,n_pred,190,13.6368,6.669,4.0,14.0,28.0
results/ablations_1024/abl_ink_boundary/per_image.csv,n_gt,190,13.5105,6.6035,4.0,14.0,28.0
results/ablations_1024/abl_ink_boundary/per_image.csv,matched,190,13.2263,6.5106,3.0,13.0,28.0
results/ablations_1024/abl_ink_boundary/per_image.csv,unmatched_pred,190,0.4105,0.8229,0.0,0.0,5.0
results/ablations_1024/abl_ink_boundary/per_image.csv,unmatched_gt,190,0.2842,0.6532,0.0,0.0,4.0
results/ablations_1024/abl_ink_boundary/per_image.csv,terminal_pair_precision,190,0.517,0.2735,0.0,0.4679,1.0
results/ablations_1024/abl_ink_boundary/per_image.csv,terminal_pair_recall,190,0.4301,0.2514,0.0,0.3563,1.0
results/ablations_1024/abl_ink_boundary/per_image.csv,terminal_pair_f1,190,0.4545,0.2543,0.0,0.3931,1.0
results/ablations_1024/abl_ink_boundary/per_image.csv,net_f1,190,0.6377,0.1995,0.1463,0.6414,1.0
results/ablations_1024/abl_ink_boundary/per_image.csv,per_component_connected_acc,190,0.1833,0.2603,0.0,0.0833,1.0
results/ablations_1024/abl_ink_boundary/per_image.csv,nged,190,0.2397,0.1346,0.0,0.2561,0.4775
results/ablations_1024/abl_ink_boundary/per_image.csv,strict_success,190,0.0421,0.2014,0.0,0.0,1.0
results/ablations_1024/abl_ink_boundary/per_image.csv,spice_valid,190,0.9789,0.1439,0.0,1.0,1.0
results/ablations_1024/abl_ink_boundary/per_image.csv,solvable_before,190,0.4158,0.4942,0.0,0.0,1.0
results/ablations_1024/abl_ink_boundary/per_image.csv,solvable_after,190,0.7368,0.4415,0.0,1.0,1.0
results/ablations_1024/abl_ink_boundary/per_image.csv,num_assumptions,190,3.8789,1.3298,2.0,4.0,9.0
results/ablations_1024/abl_ink_boundary/per_image.csv,num_gauge,190,1.7,0.5034,0.0,2.0,2.0
results/ablations_1024/abl_nostitch/per_image.csv,n_pred,190,13.6368,6.669,4.0,14.0,28.0
results/ablations_1024/abl_nostitch/per_image.csv,n_gt,190,13.5105,6.6035,4.0,14.0,28.0
results/ablations_1024/abl_nostitch/per_image.csv,matched,190,13.2263,6.5106,3.0,13.0,28.0
results/ablations_1024/abl_nostitch/per_image.csv,unmatched_pred,190,0.4105,0.8229,0.0,0.0,5.0
results/ablations_1024/abl_nostitch/per_image.csv,unmatched_gt,190,0.2842,0.6532,0.0,0.0,4.0
results/ablations_1024/abl_nostitch/per_image.csv,terminal_pair_precision,190,0.7197,0.2861,0.1019,0.7579,1.0
results/ablations_1024/abl_nostitch/per_image.csv,terminal_pair_recall,190,0.7491,0.2795,0.0909,0.8308,1.0
results/ablations_1024/abl_nostitch/per_image.csv,terminal_pair_f1,190,0.7076,0.2854,0.1111,0.7815,1.0
results/ablations_1024/abl_nostitch/per_image.csv,net_f1,190,0.8083,0.2059,0.2222,0.8667,1.0
results/ablations_1024/abl_nostitch/per_image.csv,per_component_connected_acc,190,0.5692,0.3982,0.0,0.5,1.0
results/ablations_1024/abl_nostitch/per_image.csv,nged,190,0.1878,0.1622,0.0,0.1953,0.4773
results/ablations_1024/abl_nostitch/per_image.csv,strict_success,190,0.3526,0.4791,0.0,0.0,1.0
results/ablations_1024/abl_nostitch/per_image.csv,spice_valid,190,0.9895,0.1023,0.0,1.0,1.0
results/ablations_1024/abl_nostitch/per_image.csv,solvable_before,190,0.5211,0.5009,0.0,1.0,1.0
results/ablations_1024/abl_nostitch/per_image.csv,solvable_after,190,0.7421,0.4386,0.0,1.0,1.0
results/ablations_1024/abl_nostitch/per_image.csv,num_assumptions,190,2.6263,0.8372,1.0,2.0,6.0
results/ablations_1024/abl_nostitch/per_image.csv,num_gauge,190,1.7,0.5034,0.0,2.0,2.0
results/ablations_1024/abl_pad0/per_image.csv,n_pred,190,13.6368,6.669,4.0,14.0,28.0
results/ablations_1024/abl_pad0/per_image.csv,n_gt,190,13.5105,6.6035,4.0,14.0,28.0
results/ablations_1024/abl_pad0/per_image.csv,matched,190,13.2263,6.5106,3.0,13.0,28.0
results/ablations_1024/abl_pad0/per_image.csv,unmatched_pred,190,0.4105,0.8229,0.0,0.0,5.0
results/ablations_1024/abl_pad0/per_image.csv,unmatched_gt,190,0.2842,0.6532,0.0,0.0,4.0
results/ablations_1024/abl_pad0/per_image.csv,terminal_pair_precision,190,0.6844,0.2839,0.0972,0.7183,1.0
results/ablations_1024/abl_pad0/per_image.csv,terminal_pair_recall,190,0.6319,0.2974,0.0909,0.6403,1.0
results/ablations_1024/abl_pad0/per_image.csv,terminal_pair_f1,190,0.6439,0.2901,0.1111,0.6667,1.0
results/ablations_1024/abl_pad0/per_image.csv,net_f1,190,0.7666,0.2108,0.1463,0.809,1.0
results/ablations_1024/abl_pad0/per_image.csv,per_component_connected_acc,190,0.4124,0.3927,0.0,0.262,1.0
results/ablations_1024/abl_pad0/per_image.csv,nged,190,0.1983,0.1595,0.0,0.1985,0.4802
results/ablations_1024/abl_pad0/per_image.csv,strict_success,190,0.2368,0.4263,0.0,0.0,1.0
results/ablations_1024/abl_pad0/per_image.csv,spice_valid,190,0.9579,0.2014,0.0,1.0,1.0
results/ablations_1024/abl_pad0/per_image.csv,solvable_before,190,0.5,0.5013,0.0,0.5,1.0
results/ablations_1024/abl_pad0/per_image.csv,solvable_after,190,0.7263,0.447,0.0,1.0,1.0
results/ablations_1024/abl_pad0/per_image.csv,num_assumptions,190,3.3579,1.2634,1.0,3.0,7.0
results/ablations_1024/abl_pad0/per_image.csv,num_gauge,190,1.7,0.5034,0.0,2.0,2.0
results/ablations_1024/abl_stitch/per_image.csv,n_pred,190,13.6368,6.669,4.0,14.0,28.0
results/ablations_1024/abl_stitch/per_image.csv,n_gt,190,13.5105,6.6035,4.0,14.0,28.0
results/ablations_1024/abl_stitch/per_image.csv,matched,190,13.2263,6.5106,3.0,13.0,28.0
results/ablations_1024/abl_stitch/per_image.csv,unmatched_pred,190,0.4105,0.8229,0.0,0.0,5.0
results/ablations_1024/abl_stitch/per_image.csv,unmatched_gt,190,0.2842,0.6532,0.0,0.0,4.0
results/ablations_1024/abl_stitch/per_image.csv,terminal_pair_precision,190,0.5551,0.2912,0.0968,0.5,1.0
results/ablations_1024/abl_stitch/per_image.csv,terminal_pair_recall,190,0.4873,0.2748,0.0909,0.4194,1.0
results/ablations_1024/abl_stitch/per_image.csv,terminal_pair_f1,190,0.5047,0.2766,0.1,0.461,1.0
results/ablations_1024/abl_stitch/per_image.csv,net_f1,190,0.6684,0.2151,0.1463,0.6667,1.0
results/ablations_1024/abl_stitch/per_image.csv,per_component_connected_acc,190,0.245,0.3155,0.0,0.1111,1.0
results/ablations_1024/abl_stitch/per_image.csv,nged,190,0.2271,0.1455,0.0,0.251,0.4746
results/ablations_1024/abl_stitch/per_image.csv,strict_success,190,0.0947,0.2936,0.0,0.0,1.0
results/ablations_1024/abl_stitch/per_image.csv,spice_valid,190,0.9789,0.1439,0.0,1.0,1.0
results/ablations_1024/abl_stitch/per_image.csv,solvable_before,190,0.4526,0.4991,0.0,0.0,1.0
results/ablations_1024/abl_stitch/per_image.csv,solvable_after,190,0.7632,0.4263,0.0,1.0,1.0
results/ablations_1024/abl_stitch/per_image.csv,num_assumptions,190,3.7474,1.2722,2.0,4.0,9.0
results/ablations_1024/abl_stitch/per_image.csv,num_gauge,190,1.7,0.5034,0.0,2.0,2.0
results/ablations_1024/guarded_notch/per_image.csv,n_pred,190,13.6368,6.669,4.0,14.0,28.0
results/ablations_1024/guarded_notch/per_image.csv,n_gt,190,13.5105,6.6035,4.0,14.0,28.0
results/ablations_1024/guarded_notch/per_image.csv,matched,190,13.2263,6.5106,3.0,13.0,28.0
results/ablations_1024/guarded_notch/per_image.csv,unmatched_pred,190,0.4105,0.8229,0.0,0.0,5.0
results/ablations_1024/guarded_notch/per_image.csv,unmatched_gt,190,0.2842,0.6532,0.0,0.0,4.0
results/ablations_1024/guarded_notch/per_image.csv,terminal_pair_precision,190,0.7197,0.286,0.1019,0.7579,1.0
results/ablations_1024/guarded_notch/per_image.csv,terminal_pair_recall,190,0.7502,0.2801,0.0909,0.8356,1.0
results/ablations_1024/guarded_notch/per_image.csv,terminal_pair_f1,190,0.7078,0.2852,0.1111,0.7815,1.0
results/ablations_1024/guarded_notch/per_image.csv,net_f1,190,0.8083,0.2059,0.2222,0.8667,1.0
results/ablations_1024/guarded_notch/per_image.csv,per_component_connected_acc,190,0.5737,0.3982,0.0,0.5,1.0
results/ablations_1024/guarded_notch/per_image.csv,nged,190,0.1883,0.1629,0.0,0.1937,0.4773
results/ablations_1024/guarded_notch/per_image.csv,strict_success,190,0.3526,0.4791,0.0,0.0,1.0
results/ablations_1024/guarded_notch/per_image.csv,spice_valid,190,0.9895,0.1023,0.0,1.0,1.0
results/ablations_1024/guarded_notch/per_image.csv,solvable_before,190,0.5263,0.5006,0.0,1.0,1.0
results/ablations_1024/guarded_notch/per_image.csv,solvable_after,190,0.7421,0.4386,0.0,1.0,1.0
results/ablations_1024/guarded_notch/per_image.csv,num_assumptions,190,2.6158,0.8324,1.0,2.0,6.0
results/ablations_1024/guarded_notch/per_image.csv,num_gauge,190,1.7,0.5034,0.0,2.0,2.0
results/ablations_1024/hop_guard/per_image.csv,n_pred,190,13.6368,6.669,4.0,14.0,28.0
results/ablations_1024/hop_guard/per_image.csv,n_gt,190,13.5105,6.6035,4.0,14.0,28.0
results/ablations_1024/hop_guard/per_image.csv,matched,190,13.2263,6.5106,3.0,13.0,28.0
results/ablations_1024/hop_guard/per_image.csv,unmatched_pred,190,0.4105,0.8229,0.0,0.0,5.0
results/ablations_1024/hop_guard/per_image.csv,unmatched_gt,190,0.2842,0.6532,0.0,0.0,4.0
results/ablations_1024/hop_guard/per_image.csv,terminal_pair_precision,190,0.7197,0.286,0.1019,0.7579,1.0
results/ablations_1024/hop_guard/per_image.csv,terminal_pair_recall,190,0.7502,0.2801,0.0909,0.8356,1.0
results/ablations_1024/hop_guard/per_image.csv,terminal_pair_f1,190,0.7078,0.2852,0.1111,0.7815,1.0
results/ablations_1024/hop_guard/per_image.csv,net_f1,190,0.8083,0.2059,0.2222,0.8667,1.0
results/ablations_1024/hop_guard/per_image.csv,per_component_connected_acc,190,0.5737,0.3982,0.0,0.5,1.0
results/ablations_1024/hop_guard/per_image.csv,nged,190,0.1938,0.1644,0.0,0.197,0.4824
results/ablations_1024/hop_guard/per_image.csv,strict_success,190,0.3526,0.4791,0.0,0.0,1.0
results/ablations_1024/hop_guard/per_image.csv,spice_valid,190,0.9895,0.1023,0.0,1.0,1.0
results/ablations_1024/hop_guard/per_image.csv,solvable_before,190,0.5263,0.5006,0.0,1.0,1.0
results/ablations_1024/hop_guard/per_image.csv,solvable_after,190,0.7421,0.4386,0.0,1.0,1.0
results/ablations_1024/hop_guard/per_image.csv,num_assumptions,190,2.6158,0.8324,1.0,2.0,6.0
results/ablations_1024/hop_guard/per_image.csv,num_gauge,190,1.7,0.5034,0.0,2.0,2.0
results/ablations_1024/nodes_learned/per_image.csv,n_pred,190,13.6368,6.669,4.0,14.0,28.0
results/ablations_1024/nodes_learned/per_image.csv,n_gt,190,13.5105,6.6035,4.0,14.0,28.0
results/ablations_1024/nodes_learned/per_image.csv,matched,190,13.2263,6.5106,3.0,13.0,28.0
results/ablations_1024/nodes_learned/per_image.csv,unmatched_pred,190,0.4105,0.8229,0.0,0.0,5.0
results/ablations_1024/nodes_learned/per_image.csv,unmatched_gt,190,0.2842,0.6532,0.0,0.0,4.0
results/ablations_1024/nodes_learned/per_image.csv,terminal_pair_precision,190,0.6648,0.2766,0.0,0.6813,1.0
results/ablations_1024/nodes_learned/per_image.csv,terminal_pair_recall,190,0.5927,0.3036,0.0,0.6104,1.0
results/ablations_1024/nodes_learned/per_image.csv,terminal_pair_f1,190,0.5981,0.2839,0.0,0.5788,1.0
results/ablations_1024/nodes_learned/per_image.csv,net_f1,190,0.7389,0.1995,0.2222,0.7388,1.0
results/ablations_1024/nodes_learned/per_image.csv,per_component_connected_acc,190,0.3812,0.3809,0.0,0.2361,1.0
results/ablations_1024/nodes_learned/per_image.csv,nged,190,0.218,0.1597,0.0,0.2185,0.5
results/ablations_1024/nodes_learned/per_image.csv,strict_success,190,0.2053,0.405,0.0,0.0,1.0
results/ablations_1024/nodes_learned/per_image.csv,spice_valid,190,0.9895,0.1023,0.0,1.0,1.0
results/ablations_1024/nodes_learned/per_image.csv,solvable_before,190,0.4053,0.4922,0.0,0.0,1.0
results/ablations_1024/nodes_learned/per_image.csv,solvable_after,190,0.6474,0.4791,0.0,1.0,1.0
results/ablations_1024/nodes_learned/per_image.csv,num_assumptions,190,3.0053,0.9677,1.0,3.0,6.0
results/ablations_1024/nodes_learned/per_image.csv,num_gauge,190,1.7,0.5034,0.0,2.0,2.0
results/ablations_1024/nodes_learned_thin/per_image.csv,n_pred,190,13.6368,6.669,4.0,14.0,28.0
results/ablations_1024/nodes_learned_thin/per_image.csv,n_gt,190,13.5105,6.6035,4.0,14.0,28.0
results/ablations_1024/nodes_learned_thin/per_image.csv,matched,190,13.2263,6.5106,3.0,13.0,28.0
results/ablations_1024/nodes_learned_thin/per_image.csv,unmatched_pred,190,0.4105,0.8229,0.0,0.0,5.0
results/ablations_1024/nodes_learned_thin/per_image.csv,unmatched_gt,190,0.2842,0.6532,0.0,0.0,4.0
results/ablations_1024/nodes_learned_thin/per_image.csv,terminal_pair_precision,190,0.6156,0.2745,0.0,0.6132,1.0
results/ablations_1024/nodes_learned_thin/per_image.csv,terminal_pair_recall,190,0.4666,0.2883,0.0,0.3957,1.0
results/ablations_1024/nodes_learned_thin/per_image.csv,terminal_pair_f1,190,0.5098,0.276,0.0,0.4633,1.0
results/ablations_1024/nodes_learned_thin/per_image.csv,net_f1,190,0.6824,0.1878,0.3077,0.6634,1.0
results/ablations_1024/nodes_learned_thin/per_image.csv,per_component_connected_acc,190,0.2412,0.334,0.0,0.1091,1.0
results/ablations_1024/nodes_learned_thin/per_image.csv,nged,190,0.2426,0.1631,0.0,0.2408,0.5238
results/ablations_1024/nodes_learned_thin/per_image.csv,strict_success,190,0.1263,0.3331,0.0,0.0,1.0
results/ablations_1024/nodes_learned_thin/per_image.csv,spice_valid,190,1.0,0.0,1.0,1.0,1.0
results/ablations_1024/nodes_learned_thin/per_image.csv,solvable_before,190,0.3263,0.4701,0.0,0.0,1.0
results/ablations_1024/nodes_learned_thin/per_image.csv,solvable_after,190,0.6105,0.4889,0.0,1.0,1.0
results/ablations_1024/nodes_learned_thin/per_image.csv,num_assumptions,190,3.7,1.2342,2.0,4.0,8.0
results/ablations_1024/nodes_learned_thin/per_image.csv,num_gauge,190,1.7,0.5034,0.0,2.0,2.0
results/ablations_1024/relink_snap/per_image.csv,n_pred,82,14.2561,6.99,5.0,14.0,28.0
results/ablations_1024/relink_snap/per_image.csv,n_gt,82,14.1463,6.9034,5.0,14.0,28.0
results/ablations_1024/relink_snap/per_image.csv,matched,82,13.8659,6.8579,5.0,13.0,28.0
results/ablations_1024/relink_snap/per_image.csv,unmatched_pred,82,0.3902,0.7329,0.0,0.0,3.0
results/ablations_1024/relink_snap/per_image.csv,unmatched_gt,82,0.2805,0.6141,0.0,0.0,2.0
results/ablations_1024/relink_snap/per_image.csv,terminal_pair_precision,82,0.6756,0.2877,0.1296,0.6997,1.0
results/ablations_1024/relink_snap/per_image.csv,terminal_pair_recall,82,0.7231,0.2847,0.0909,0.7681,1.0
results/ablations_1024/relink_snap/per_image.csv,terminal_pair_f1,82,0.6688,0.2825,0.1111,0.6927,1.0
results/ablations_1024/relink_snap/per_image.csv,net_f1,82,0.7819,0.2062,0.2222,0.8054,1.0
results/ablations_1024/relink_snap/per_image.csv,per_component_connected_acc,82,0.5342,0.391,0.0,0.4891,1.0
results/ablations_1024/relink_snap/per_image.csv,nged,82,0.2042,0.1668,0.0,0.2245,0.483
results/ablations_1024/relink_snap/per_image.csv,strict_success,82,0.2805,0.452,0.0,0.0,1.0
results/ablations_1024/relink_snap/per_image.csv,spice_valid,82,1.0,0.0,1.0,1.0,1.0
results/ablations_1024/relink_snap/per_image.csv,solvable_before,82,0.5976,0.4934,0.0,1.0,1.0
results/ablations_1024/relink_snap/per_image.csv,solvable_after,82,0.7561,0.4321,0.0,1.0,1.0
results/ablations_1024/relink_snap/per_image.csv,num_assumptions,82,2.5366,0.8042,2.0,2.0,6.0
results/ablations_1024/relink_snap/per_image.csv,num_gauge,82,1.6829,0.4939,0.0,2.0,2.0
results/benchmark/seed0/per_image.csv,n_pred,190,13.5684,6.6263,4.0,14.0,28.0
results/benchmark/seed0/per_image.csv,n_gt,190,13.5105,6.6035,4.0,14.0,28.0
results/benchmark/seed0/per_image.csv,matched,190,13.3,6.4946,4.0,13.0,28.0
results/benchmark/seed0/per_image.csv,unmatched_pred,190,0.2684,0.6797,0.0,0.0,4.0
results/benchmark/seed0/per_image.csv,unmatched_gt,190,0.2105,0.5324,0.0,0.0,2.0
results/benchmark/seed0/per_image.csv,terminal_pair_precision,190,0.7019,0.2961,0.0588,0.7617,1.0
results/benchmark/seed0/per_image.csv,terminal_pair_recall,190,0.6944,0.3073,0.0909,0.7556,1.0
results/benchmark/seed0/per_image.csv,terminal_pair_f1,190,0.6712,0.3037,0.0719,0.7303,1.0
results/benchmark/seed0/per_image.csv,net_f1,190,0.7797,0.2165,0.2222,0.8234,1.0
results/benchmark/seed0/per_image.csv,per_component_connected_acc,190,0.5058,0.4145,0.0,0.4129,1.0
results/benchmark/seed0/per_image.csv,nged,190,0.1953,0.1616,0.0,0.1974,0.4762
results/benchmark/seed0/per_image.csv,strict_success,190,0.3211,0.4681,0.0,0.0,1.0
results/benchmark/seed0/per_image.csv,spice_valid,190,0.9947,0.0725,0.0,1.0,1.0
results/benchmark/seed0/per_image.csv,solvable_before,190,0.4737,0.5006,0.0,0.0,1.0
results/benchmark/seed0/per_image.csv,solvable_after,190,0.7211,0.4497,0.0,1.0,1.0
results/benchmark/seed0/per_image.csv,num_assumptions,190,2.9789,1.195,1.0,3.0,8.0
results/benchmark/seed0/per_image.csv,num_gauge,190,1.7,0.5034,0.0,2.0,2.0
results/benchmark/seed1/per_image.csv,n_pred,190,13.5526,6.6033,4.0,14.0,28.0
results/benchmark/seed1/per_image.csv,n_gt,190,13.5105,6.6035,4.0,14.0,28.0
results/benchmark/seed1/per_image.csv,matched,190,13.3,6.4986,4.0,13.0,28.0
results/benchmark/seed1/per_image.csv,unmatched_pred,190,0.2526,0.608,0.0,0.0,4.0
results/benchmark/seed1/per_image.csv,unmatched_gt,190,0.2105,0.552,0.0,0.0,4.0
results/benchmark/seed1/per_image.csv,terminal_pair_precision,190,0.6957,0.2808,0.0789,0.7273,1.0
results/benchmark/seed1/per_image.csv,terminal_pair_recall,190,0.6834,0.3058,0.0909,0.75,1.0
results/benchmark/seed1/per_image.csv,terminal_pair_f1,190,0.6666,0.2928,0.0851,0.7303,1.0
results/benchmark/seed1/per_image.csv,net_f1,190,0.7808,0.2026,0.2593,0.8153,1.0
results/benchmark/seed1/per_image.csv,per_component_connected_acc,190,0.4832,0.4136,0.0,0.3819,1.0
results/benchmark/seed1/per_image.csv,nged,190,0.1849,0.1563,0.0,0.1658,0.5185
results/benchmark/seed1/per_image.csv,strict_success,190,0.2947,0.4571,0.0,0.0,1.0
results/benchmark/seed1/per_image.csv,spice_valid,190,0.9947,0.0725,0.0,1.0,1.0
results/benchmark/seed1/per_image.csv,solvable_before,190,0.4684,0.5003,0.0,0.0,1.0
results/benchmark/seed1/per_image.csv,solvable_after,190,0.7316,0.4443,0.0,1.0,1.0
results/benchmark/seed1/per_image.csv,num_assumptions,190,3.0053,1.1151,2.0,3.0,8.0
results/benchmark/seed1/per_image.csv,num_gauge,190,1.7,0.5034,0.0,2.0,2.0
results/benchmark/seed2/per_image.csv,n_pred,190,13.5895,6.6563,4.0,14.0,28.0
results/benchmark/seed2/per_image.csv,n_gt,190,13.5105,6.6035,4.0,14.0,28.0
results/benchmark/seed2/per_image.csv,matched,190,13.3,6.536,4.0,13.0,28.0
results/benchmark/seed2/per_image.csv,unmatched_pred,190,0.2895,0.7018,0.0,0.0,5.0
results/benchmark/seed2/per_image.csv,unmatched_gt,190,0.2105,0.6239,0.0,0.0,5.0
results/benchmark/seed2/per_image.csv,terminal_pair_precision,190,0.6878,0.2993,0.1129,0.7339,1.0
results/benchmark/seed2/per_image.csv,terminal_pair_recall,190,0.6832,0.3081,0.0909,0.738,1.0
results/benchmark/seed2/per_image.csv,terminal_pair_f1,190,0.6595,0.3047,0.1102,0.7156,1.0
results/benchmark/seed2/per_image.csv,net_f1,190,0.7737,0.2168,0.2593,0.8289,1.0
results/benchmark/seed2/per_image.csv,per_component_connected_acc,190,0.4878,0.4107,0.0,0.4,1.0
results/benchmark/seed2/per_image.csv,nged,190,0.1999,0.1614,0.0,0.2095,0.5105
results/benchmark/seed2/per_image.csv,strict_success,190,0.3,0.4595,0.0,0.0,1.0
results/benchmark/seed2/per_image.csv,spice_valid,190,0.9947,0.0725,0.0,1.0,1.0
results/benchmark/seed2/per_image.csv,solvable_before,190,0.5,0.5013,0.0,0.5,1.0
results/benchmark/seed2/per_image.csv,solvable_after,190,0.7368,0.4415,0.0,1.0,1.0
results/benchmark/seed2/per_image.csv,num_assumptions,190,3.0421,1.2251,2.0,3.0,8.0
results/benchmark/seed2/per_image.csv,num_gauge,190,1.6947,0.5055,0.0,2.0,2.0
results/benchmark_1024/seed0/per_image.csv,n_pred,190,13.6368,6.669,4.0,14.0,28.0
results/benchmark_1024/seed0/per_image.csv,n_gt,190,13.5105,6.6035,4.0,14.0,28.0
results/benchmark_1024/seed0/per_image.csv,matched,190,13.2263,6.5106,3.0,13.0,28.0
results/benchmark_1024/seed0/per_image.csv,unmatched_pred,190,0.4105,0.8229,0.0,0.0,5.0
results/benchmark_1024/seed0/per_image.csv,unmatched_gt,190,0.2842,0.6532,0.0,0.0,4.0
results/benchmark_1024/seed0/per_image.csv,terminal_pair_precision,190,0.7197,0.2861,0.1019,0.7579,1.0
results/benchmark_1024/seed0/per_image.csv,terminal_pair_recall,190,0.7491,0.2795,0.0909,0.8308,1.0
results/benchmark_1024/seed0/per_image.csv,terminal_pair_f1,190,0.7076,0.2854,0.1111,0.7815,1.0
results/benchmark_1024/seed0/per_image.csv,net_f1,190,0.8083,0.2059,0.2222,0.8667,1.0
results/benchmark_1024/seed0/per_image.csv,per_component_connected_acc,190,0.5692,0.3982,0.0,0.5,1.0
results/benchmark_1024/seed0/per_image.csv,nged,190,0.1921,0.1631,0.0,0.1953,0.4773
results/benchmark_1024/seed0/per_image.csv,strict_success,190,0.3526,0.4791,0.0,0.0,1.0
results/benchmark_1024/seed0/per_image.csv,spice_valid,190,0.9895,0.1023,0.0,1.0,1.0
results/benchmark_1024/seed0/per_image.csv,solvable_before,190,0.5211,0.5009,0.0,1.0,1.0
results/benchmark_1024/seed0/per_image.csv,solvable_after,190,0.7421,0.4386,0.0,1.0,1.0
results/benchmark_1024/seed0/per_image.csv,num_assumptions,190,2.6263,0.8372,1.0,2.0,6.0
results/benchmark_1024/seed0/per_image.csv,num_gauge,190,1.7,0.5034,0.0,2.0,2.0
results/benchmark_1024/seed1/per_image.csv,n_pred,190,13.5947,6.6515,4.0,14.0,28.0
results/benchmark_1024/seed1/per_image.csv,n_gt,190,13.5105,6.6035,4.0,14.0,28.0
results/benchmark_1024/seed1/per_image.csv,matched,190,13.2368,6.4686,3.0,13.0,28.0
results/benchmark_1024/seed1/per_image.csv,unmatched_pred,190,0.3579,0.7477,0.0,0.0,4.0
results/benchmark_1024/seed1/per_image.csv,unmatched_gt,190,0.2737,0.6162,0.0,0.0,4.0
results/benchmark_1024/seed1/per_image.csv,terminal_pair_precision,190,0.7306,0.2776,0.1258,0.786,1.0
results/benchmark_1024/seed1/per_image.csv,terminal_pair_recall,190,0.7635,0.2735,0.0909,0.8388,1.0
results/benchmark_1024/seed1/per_image.csv,terminal_pair_f1,190,0.7206,0.2776,0.1111,0.7895,1.0
results/benchmark_1024/seed1/per_image.csv,net_f1,190,0.818,0.1965,0.2222,0.8639,1.0
results/benchmark_1024/seed1/per_image.csv,per_component_connected_acc,190,0.5832,0.3968,0.0,0.5683,1.0
results/benchmark_1024/seed1/per_image.csv,nged,190,0.1826,0.1632,0.0,0.1808,0.4821
results/benchmark_1024/seed1/per_image.csv,strict_success,190,0.3579,0.4806,0.0,0.0,1.0
results/benchmark_1024/seed1/per_image.csv,spice_valid,190,0.9947,0.0725,0.0,1.0,1.0
results/benchmark_1024/seed1/per_image.csv,solvable_before,190,0.5368,0.5,0.0,1.0,1.0
results/benchmark_1024/seed1/per_image.csv,solvable_after,190,0.7684,0.423,0.0,1.0,1.0
results/benchmark_1024/seed1/per_image.csv,num_assumptions,190,2.6421,0.8283,2.0,2.0,6.0
results/benchmark_1024/seed1/per_image.csv,num_gauge,190,1.7053,0.5013,0.0,2.0,2.0
results/benchmark_1024/seed2/per_image.csv,n_pred,190,13.6,6.6458,4.0,14.0,29.0
results/benchmark_1024/seed2/per_image.csv,n_gt,190,13.5105,6.6035,4.0,14.0,28.0
results/benchmark_1024/seed2/per_image.csv,matched,190,13.2211,6.5347,3.0,13.0,28.0
results/benchmark_1024/seed2/per_image.csv,unmatched_pred,190,0.3789,0.7654,0.0,0.0,5.0
results/benchmark_1024/seed2/per_image.csv,unmatched_gt,190,0.2895,0.6303,0.0,0.0,4.0
results/benchmark_1024/seed2/per_image.csv,terminal_pair_precision,190,0.7198,0.2879,0.1106,0.7712,1.0
results/benchmark_1024/seed2/per_image.csv,terminal_pair_recall,190,0.7516,0.2799,0.0909,0.8472,1.0
results/benchmark_1024/seed2/per_image.csv,terminal_pair_f1,190,0.7083,0.2869,0.1111,0.791,1.0
results/benchmark_1024/seed2/per_image.csv,net_f1,190,0.8084,0.207,0.2222,0.8778,1.0
results/benchmark_1024/seed2/per_image.csv,per_component_connected_acc,190,0.5734,0.4006,0.0,0.5,1.0
results/benchmark_1024/seed2/per_image.csv,nged,190,0.1937,0.1624,0.0,0.2106,0.4651
results/benchmark_1024/seed2/per_image.csv,strict_success,190,0.3526,0.4791,0.0,0.0,1.0
results/benchmark_1024/seed2/per_image.csv,spice_valid,190,0.9947,0.0725,0.0,1.0,1.0
results/benchmark_1024/seed2/per_image.csv,solvable_before,190,0.5368,0.5,0.0,1.0,1.0
results/benchmark_1024/seed2/per_image.csv,solvable_after,190,0.7421,0.4386,0.0,1.0,1.0
results/benchmark_1024/seed2/per_image.csv,num_assumptions,190,2.5842,0.7634,1.0,2.0,6.0
results/benchmark_1024/seed2/per_image.csv,num_gauge,190,1.7053,0.5013,0.0,2.0,2.0
results/comparisons/boundary_vs_ports.csv,n_images,7,190.0,0.0,190.0,190.0,190.0
results/comparisons/boundary_vs_ports.csv,mean_a,7,0.3871,0.2505,0.0579,0.3526,0.7158
results/comparisons/boundary_vs_ports.csv,mean_b,7,0.3968,0.252,0.0632,0.3632,0.7316
results/comparisons/boundary_vs_ports.csv,delta,7,0.0097,0.0057,0.0024,0.0105,0.0168
results/comparisons/boundary_vs_ports.csv,ci95_lo,7,-0.0038,0.0084,-0.0158,-0.0009,0.0045
results/comparisons/boundary_vs_ports.csv,ci95_hi,7,0.0247,0.0154,0.0059,0.0216,0.0474
results/comparisons/boundary_vs_ports.csv,wins,7,23.1429,19.2478,1.0,24.0,47.0
results/comparisons/boundary_vs_ports.csv,losses,7,19.4286,18.247,0.0,17.0,43.0
results/comparisons/boundary_vs_ports.csv,ties,7,147.4286,37.2776,104.0,149.0,189.0
results/comparisons/crossover_vs_learned.csv,n_images,7,190.0,0.0,190.0,190.0,190.0
results/comparisons/crossover_vs_learned.csv,mean_a,7,0.5561,0.2223,0.1921,0.5692,0.8083
results/comparisons/crossover_vs_learned.csv,mean_b,7,0.4563,0.21,0.2053,0.4053,0.7389
results/comparisons/crossover_vs_learned.csv,delta,7,-0.0999,0.0673,-0.188,-0.1096,0.0259
results/comparisons/crossover_vs_learned.csv,ci95_lo,7,-0.1374,0.0825,-0.2318,-0.1474,0.0169
results/comparisons/crossover_vs_learned.csv,ci95_hi,7,-0.0648,0.0553,-0.1458,-0.0684,0.0354
results/comparisons/crossover_vs_learned.csv,wins,7,22.1429,32.4984,1.0,5.0,92.0
results/comparisons/crossover_vs_learned.csv,losses,7,52.1429,32.9516,23.0,30.0,92.0
results/comparisons/crossover_vs_learned.csv,ties,7,115.7143,44.9545,70.0,106.0,166.0
results/comparisons/crossover_vs_learned_thin.csv,n_images,7,190.0,0.0,190.0,190.0,190.0
results/comparisons/crossover_vs_learned_thin.csv,mean_a,7,0.5561,0.2223,0.1921,0.5692,0.8083
results/comparisons/crossover_vs_learned_thin.csv,mean_b,7,0.3913,0.2105,0.1263,0.3263,0.6824
results/comparisons/crossover_vs_learned_thin.csv,delta,7,-0.1648,0.1165,-0.328,-0.1947,0.0506
results/comparisons/crossover_vs_learned_thin.csv,ci95_lo,7,-0.2079,0.1311,-0.379,-0.2302,0.0391
results/comparisons/crossover_vs_learned_thin.csv,ci95_hi,7,-0.1246,0.1047,-0.2798,-0.1421,0.0615
results/comparisons/crossover_vs_learned_thin.csv,wins,7,26.4286,48.2661,0.0,7.0,134.0
results/comparisons/crossover_vs_learned_thin.csv,losses,7,74.5714,51.7715,22.0,43.0,137.0
results/comparisons/crossover_vs_learned_thin.csv,ties,7,89.0,57.9799,34.0,59.0,153.0
results/comparisons/default_vs_pad0.csv,n_images,7,190.0,0.0,190.0,190.0,190.0
results/comparisons/default_vs_pad0.csv,mean_a,7,0.3871,0.2505,0.0579,0.3526,0.7158
results/comparisons/default_vs_pad0.csv,mean_b,7,0.4769,0.2215,0.2134,0.4368,0.7518
results/comparisons/default_vs_pad0.csv,delta,7,0.0899,0.078,-0.0105,0.0842,0.1898
results/comparisons/default_vs_pad0.csv,ci95_lo,7,0.0513,0.0736,-0.0632,0.0548,0.1397
results/comparisons/default_vs_pad0.csv,ci95_hi,7,0.1293,0.0875,0.0024,0.1421,0.2416
results/comparisons/default_vs_pad0.csv,wins,7,66.0,42.3438,12.0,77.0,116.0
results/comparisons/default_vs_pad0.csv,losses,7,33.7143,29.05,1.0,27.0,83.0
results/comparisons/default_vs_pad0.csv,ties,7,90.2857,65.8096,25.0,74.0,164.0
results/comparisons/default_vs_pad0_ports.csv,n_images,7,190.0,0.0,190.0,190.0,190.0
results/comparisons/default_vs_pad0_ports.csv,mean_a,7,0.3871,0.2505,0.0579,0.3526,0.7158
results/comparisons/default_vs_pad0_ports.csv,mean_b,7,0.5245,0.2143,0.1989,0.5058,0.7797
results/comparisons/default_vs_pad0_ports.csv,delta,7,0.1374,0.1231,-0.0203,0.1211,0.31
results/comparisons/default_vs_pad0_ports.csv,ci95_lo,7,0.0972,0.1125,-0.0421,0.0819,0.2559
results/comparisons/default_vs_pad0_ports.csv,ci95_hi,7,0.1783,0.1364,-0.0117,0.1789,0.3634
results/comparisons/default_vs_pad0_ports.csv,wins,7,75.1429,49.8913,12.0,57.0,133.0
results/comparisons/default_vs_pad0_ports.csv,losses,7,31.0,36.6833,0.0,17.0,107.0
results/comparisons/default_vs_pad0_ports.csv,ties,7,83.8571,66.9513,22.0,54.0,167.0
results/comparisons/gtboxes_v2_vs_v3.csv,n_images,7,190.0,0.0,190.0,190.0,190.0
results/comparisons/gtboxes_v2_vs_v3.csv,mean_a,7,0.3747,0.2441,0.0526,0.3526,0.7158
results/comparisons/gtboxes_v2_vs_v3.csv,mean_b,7,0.3871,0.2505,0.0579,0.3526,0.7158
results/comparisons/gtboxes_v2_vs_v3.csv,delta,7,0.0123,0.0158,0.0,0.0053,0.0382
results/comparisons/gtboxes_v2_vs_v3.csv,ci95_lo,7,0.0048,0.0082,-0.0018,0.0,0.0188
results/comparisons/gtboxes_v2_vs_v3.csv,ci95_hi,7,0.0219,0.0247,0.0,0.0158,0.0599
results/comparisons/gtboxes_v2_vs_v3.csv,wins,7,8.1429,7.6904,0.0,9.0,16.0
results/comparisons/gtboxes_v2_vs_v3.csv,losses,7,1.2857,2.5635,0.0,0.0,7.0
results/comparisons/gtboxes_v2_vs_v3.csv,ties,7,180.5714,9.3248,168.0,181.0,190.0
results/comparisons/hop_guard.csv,n_images,7,190.0,0.0,190.0,190.0,190.0
results/comparisons/hop_guard.csv,mean_a,7,0.5561,0.2223,0.1921,0.5692,0.8083
results/comparisons/hop_guard.csv,mean_b,7,0.5578,0.2218,0.1938,0.5737,0.8083
results/comparisons/hop_guard.csv,delta,7,0.0017,0.0023,0.0,0.0001,0.0053
results/comparisons/hop_guard.csv,ci95_lo,7,0.0001,0.0003,0.0,0.0,0.0007
results/comparisons/hop_guard.csv,ci95_hi,7,0.0047,0.0069,0.0,0.0004,0.0158
results/comparisons/hop_guard.csv,wins,7,2.1429,4.3753,0.0,1.0,12.0
results/comparisons/hop_guard.csv,losses,7,0.0,0.0,0.0,0.0,0.0
results/comparisons/hop_guard.csv,ties,7,187.8571,4.3753,178.0,189.0,190.0
results/comparisons/notch_guard.csv,n_images,7,190.0,0.0,190.0,190.0,190.0
results/comparisons/notch_guard.csv,mean_a,7,0.5561,0.2223,0.1921,0.5692,0.8083
results/comparisons/notch_guard.csv,mean_b,7,0.557,0.2233,0.1883,0.5737,0.8083
results/comparisons/notch_guard.csv,delta,7,0.0009,0.0031,-0.0038,0.0,0.0053
results/comparisons/notch_guard.csv,ci95_lo,7,-0.001,0.0026,-0.0068,0.0,0.0
results/comparisons/notch_guard.csv,ci95_hi,7,0.004,0.0073,-0.0014,0.0,0.0158
results/comparisons/notch_guard.csv,wins,7,0.5714,0.5345,0.0,1.0,1.0
results/comparisons/notch_guard.csv,losses,7,3.0,7.9373,0.0,0.0,21.0
results/comparisons/notch_guard.csv,ties,7,186.4286,8.1416,168.0,189.0,190.0
results/comparisons/phase0_both.csv,n_images,7,190.0,0.0,190.0,190.0,190.0
results/comparisons/phase0_both.csv,mean_a,7,0.5561,0.2223,0.1921,0.5692,0.8083
results/comparisons/phase0_both.csv,mean_b,7,0.5512,0.2312,0.1827,0.5619,0.8176
results/comparisons/phase0_both.csv,delta,7,-0.0049,0.0137,-0.0316,-0.0053,0.0093
results/comparisons/phase0_both.csv,ci95_lo,7,-0.0261,0.0204,-0.0632,-0.0211,-0.0028
results/comparisons/phase0_both.csv,ci95_hi,7,0.0156,0.0146,-0.0053,0.02,0.0316
results/comparisons/phase0_both.csv,wins,7,13.7143,10.61,1.0,13.0,26.0
results/comparisons/phase0_both.csv,losses,7,16.5714,13.1765,3.0,17.0,41.0
results/comparisons/phase0_both.csv,ties,7,159.7143,22.6327,126.0,160.0,183.0
results/comparisons/phase0_gttext.csv,n_images,7,190.0,0.0,190.0,190.0,190.0
results/comparisons/phase0_gttext.csv,mean_a,7,0.5561,0.2223,0.1921,0.5692,0.8083
results/comparisons/phase0_gttext.csv,mean_b,7,0.553,0.2216,0.1891,0.5652,0.805
results/comparisons/phase0_gttext.csv,delta,7,-0.0032,0.004,-0.0067,-0.004,0.0053
results/comparisons/phase0_gttext.csv,ci95_lo,7,-0.0153,0.0074,-0.0263,-0.0146,-0.0061
results/comparisons/phase0_gttext.csv,ci95_hi,7,0.0084,0.0095,-0.0005,0.0105,0.0263
results/comparisons/phase0_gttext.csv,wins,7,6.1429,5.2418,1.0,5.0,14.0
results/comparisons/phase0_gttext.csv,losses,7,9.2857,9.9283,1.0,7.0,29.0
results/comparisons/phase0_gttext.csv,ties,7,174.5714,14.9427,147.0,178.0,187.0
results/comparisons/phase0_gtxover.csv,n_images,7,190.0,0.0,190.0,190.0,190.0
results/comparisons/phase0_gtxover.csv,mean_a,7,0.5561,0.2223,0.1921,0.5692,0.8083
results/comparisons/phase0_gtxover.csv,mean_b,7,0.5573,0.2335,0.182,0.5737,0.8214
results/comparisons/phase0_gtxover.csv,delta,7,0.0012,0.0144,-0.0263,0.0053,0.0131
results/comparisons/phase0_gtxover.csv,ci95_lo,7,-0.018,0.018,-0.0526,-0.0158,0.0021
results/comparisons/phase0_gtxover.csv,ci95_hi,7,0.0201,0.018,-0.0053,0.0254,0.0368
results/comparisons/phase0_gtxover.csv,wins,7,10.2857,7.8255,0.0,11.0,21.0
results/comparisons/phase0_gtxover.csv,losses,7,11.7143,12.2436,2.0,9.0,38.0
results/comparisons/phase0_gtxover.csv,ties,7,168.0,16.452,141.0,167.0,185.0
results/comparisons/phase0_gtxover_guarded.csv,n_images,7,190.0,0.0,190.0,190.0,190.0
results/comparisons/phase0_gtxover_guarded.csv,mean_a,7,0.5561,0.2223,0.1921,0.5692,0.8083
results/comparisons/phase0_gtxover_guarded.csv,mean_b,7,0.5581,0.2321,0.1872,0.5737,0.8214
results/comparisons/phase0_gtxover_guarded.csv,delta,7,0.002,0.0138,-0.0263,0.0053,0.0131
results/comparisons/phase0_gtxover_guarded.csv,ci95_lo,7,-0.0172,0.0182,-0.0526,-0.0158,0.0021
results/comparisons/phase0_gtxover_guarded.csv,ci95_hi,7,0.0207,0.017,-0.0053,0.0254,0.0368
results/comparisons/phase0_gtxover_guarded.csv,wins,7,12.0,9.2014,0.0,12.0,23.0
results/comparisons/phase0_gtxover_guarded.csv,losses,7,9.0,5.9161,2.0,9.0,19.0
results/comparisons/phase0_gtxover_guarded.csv,ties,7,169.0,14.6515,148.0,167.0,185.0
results/comparisons/res512_vs_1024.csv,n_images,7,190.0,0.0,190.0,190.0,190.0
results/comparisons/res512_vs_1024.csv,mean_a,7,0.5245,0.2143,0.1989,0.5058,0.7797
results/comparisons/res512_vs_1024.csv,mean_b,7,0.5556,0.2232,0.1886,0.5692,0.8083
results/comparisons/res512_vs_1024.csv,delta,7,0.0312,0.023,-0.0104,0.0316,0.0634
results/comparisons/res512_vs_1024.csv,ci95_lo,7,-0.0019,0.016,-0.0211,0.0053,0.0169
results/comparisons/res512_vs_1024.csv,ci95_hi,7,0.0646,0.0363,-0.0025,0.0651,0.1102
results/comparisons/res512_vs_1024.csv,wins,7,37.5714,23.6422,9.0,52.0,61.0
results/comparisons/res512_vs_1024.csv,losses,7,24.8571,21.9881,4.0,22.0,66.0
results/comparisons/res512_vs_1024.csv,ties,7,127.5714,42.7273,72.0,116.0,176.0
results/comparisons/seed0_vs_abl_nostitch.csv,n_images,7,190.0,0.0,190.0,190.0,190.0
results/comparisons/seed0_vs_abl_nostitch.csv,mean_a,7,0.5561,0.2223,0.1921,0.5692,0.8083
results/comparisons/seed0_vs_abl_nostitch.csv,mean_b,7,0.5555,0.2235,0.1878,0.5692,0.8083
results/comparisons/seed0_vs_abl_nostitch.csv,delta,7,-0.0006,0.0016,-0.0042,0.0,0.0
results/comparisons/seed0_vs_abl_nostitch.csv,ci95_lo,7,-0.001,0.0027,-0.0071,0.0,0.0
results/comparisons/seed0_vs_abl_nostitch.csv,ci95_hi,7,-0.0003,0.0008,-0.002,0.0,0.0
results/comparisons/seed0_vs_abl_nostitch.csv,wins,7,0.0,0.0,0.0,0.0,0.0
results/comparisons/seed0_vs_abl_nostitch.csv,losses,7,3.4286,9.0711,0.0,0.0,24.0
results/comparisons/seed0_vs_abl_nostitch.csv,ties,7,186.5714,9.0711,166.0,190.0,190.0
results/comparisons/v3_boundary_snap_vs_v4_stitch.csv,n_images,7,190.0,0.0,190.0,190.0,190.0
results/comparisons/v3_boundary_snap_vs_v4_stitch.csv,mean_a,7,0.3489,0.2354,0.0263,0.3579,0.6895
results/comparisons/v3_boundary_snap_vs_v4_stitch.csv,mean_b,7,0.3707,0.2387,0.0526,0.3789,0.7211
results/comparisons/v3_boundary_snap_vs_v4_stitch.csv,delta,7,0.0218,0.0158,-0.0121,0.0263,0.0334
results/comparisons/v3_boundary_snap_vs_v4_stitch.csv,ci95_lo,7,0.0056,0.0112,-0.0174,0.0053,0.0184
results/comparisons/v3_boundary_snap_vs_v4_stitch.csv,ci95_hi,7,0.0414,0.0237,-0.0074,0.0509,0.0632
results/comparisons/v3_boundary_snap_vs_v4_stitch.csv,wins,7,17.5714,14.2695,4.0,12.0,37.0
results/comparisons/v3_boundary_snap_vs_v4_stitch.csv,losses,7,11.0,18.5652,0.0,5.0,52.0
results/comparisons/v3_boundary_snap_vs_v4_stitch.csv,ties,7,161.4286,23.9782,126.0,163.0,186.0
results/comparisons/v3_boundary_snap_vs_v5_stitch_crossover.csv,n_images,7,190.0,0.0,190.0,190.0,190.0
results/comparisons/v3_boundary_snap_vs_v5_stitch_crossover.csv,mean_a,7,0.3489,0.2354,0.0263,0.3579,0.6895
results/comparisons/v3_boundary_snap_vs_v5_stitch_crossover.csv,mean_b,7,0.3747,0.2441,0.0526,0.3526,0.7158
results/comparisons/v3_boundary_snap_vs_v5_stitch_crossover.csv,delta,7,0.0258,0.031,-0.0235,0.0263,0.0641
results/comparisons/v3_boundary_snap_vs_v5_stitch_crossover.csv,ci95_lo,7,0.0021,0.0351,-0.0474,0.0053,0.0458
results/comparisons/v3_boundary_snap_vs_v5_stitch_crossover.csv,ci95_hi,7,0.0513,0.0334,-0.0167,0.0665,0.0838
results/comparisons/v3_boundary_snap_vs_v5_stitch_crossover.csv,wins,7,31.1429,28.5098,5.0,21.0,71.0
results/comparisons/v3_boundary_snap_vs_v5_stitch_crossover.csv,losses,7,17.1429,27.9072,0.0,8.0,80.0
results/comparisons/v3_boundary_snap_vs_v5_stitch_crossover.csv,ties,7,141.7143,38.0207,89.0,148.0,185.0
results/comparisons/v4_stitch_vs_v5_stitch_crossover.csv,n_images,7,190.0,0.0,190.0,190.0,190.0
results/comparisons/v4_stitch_vs_v5_stitch_crossover.csv,mean_a,7,0.3707,0.2387,0.0526,0.3789,0.7211
results/comparisons/v4_stitch_vs_v5_stitch_crossover.csv,mean_b,7,0.3747,0.2441,0.0526,0.3526,0.7158
results/comparisons/v4_stitch_vs_v5_stitch_crossover.csv,delta,7,0.004,0.0212,-0.0263,0.0,0.0308
results/comparisons/v4_stitch_vs_v5_stitch_crossover.csv,ci95_lo,7,-0.0099,0.0294,-0.0579,0.0,0.0207
results/comparisons/v4_stitch_vs_v5_stitch_crossover.csv,ci95_hi,7,0.0193,0.019,-0.0061,0.0209,0.0427
results/comparisons/v4_stitch_vs_v5_stitch_crossover.csv,wins,7,17.7143,18.1265,0.0,13.0,43.0
results/comparisons/v4_stitch_vs_v5_stitch_crossover.csv,losses,7,8.4286,13.3023,0.0,4.0,38.0
results/comparisons/v4_stitch_vs_v5_stitch_crossover.csv,ties,7,163.8571,22.0638,133.0,173.0,190.0
results/detection/detector_comparison.csv,seed,5,0.6,0.8944,0.0,0.0,2.0
results/detection/detector_comparison.csv,params_M,5,12.46,8.2819,3.01,11.14,25.87
results/detection/detector_comparison.csv,map50,5,0.9734,0.0033,0.9705,0.9725,0.9792
results/detection/detector_comparison.csv,map50_95,5,0.7284,0.0076,0.7207,0.7264,0.7405
results/detection/detector_comparison.csv,precision,5,0.9572,0.008,0.9484,0.9586,0.9684
results/detection/detector_comparison.csv,recall,5,0.9599,0.003,0.9568,0.9594,0.9632
results/detection/per_class_ap.csv,support,17,157.5294,118.7472,44.0,103.0,448.0
results/detection/per_class_ap.csv,ap50,17,0.9725,0.0307,0.8728,0.9848,0.994
results/detection/per_class_ap.csv,ap50_95,17,0.7264,0.0564,0.6085,0.7194,0.8113
results/detection_1024/per_class_ap.csv,support,17,163.8824,122.3693,44.0,115.0,470.0
results/detection_1024/per_class_ap.csv,ap50,17,0.9739,0.043,0.8385,0.9904,0.995
results/detection_1024/per_class_ap.csv,ap50_95,17,0.7078,0.064,0.6198,0.6885,0.8137
results/detection_512fixed/per_class_ap.csv,support,17,163.8824,122.3693,44.0,115.0,470.0
results/detection_512fixed/per_class_ap.csv,ap50,17,0.9747,0.041,0.8489,0.9904,0.995
results/detection_512fixed/per_class_ap.csv,ap50_95,17,0.7109,0.067,0.6218,0.6901,0.8432
results/flagging_1024/per_net.csv,net,60,0.0,0.0,0.0,0.0,0.0
results/flagging_1024/per_net.csv,correct,522,0.5402,0.4989,0.0,1.0,1.0
results/flagging_1024/per_net.csv,size,522,3.3238,2.2605,1.0,3.0,25.0
results/flagging_1024/per_net.csv,intersections,522,3.2567,4.3272,0.0,2.0,34.0
results/flagging_1024/per_net.csv,unsnapped_nearby,522,0.0172,0.1303,0.0,0.0,1.0
results/intersections/per_image.csv,sites,60,20.3667,11.4284,5.0,19.5,47.0
results/intersections/per_image.csv,labeled,60,2.2333,4.571,0.0,0.0,21.0
results/intersections/per_image.csv,unlabeled,60,18.1333,9.3237,5.0,18.0,45.0
results/intersections/per_image.csv,load_bearing,60,14.2,7.6597,1.0,14.5,33.0
results/intersections/per_image.csv,welds,60,12.2667,7.8414,0.0,13.5,32.0
results/intersections/per_image.csv,nodes_with_multiple_gt_nets,60,6.1333,4.1106,1.0,5.0,16.0
results/intersections/per_image.csv,nodes_total,60,8.45,4.9589,1.0,7.0,24.0
results/oracle/per_image.csv,c_render_ok,190,0.8421,0.3656,0.0,1.0,1.0
results/oracle/per_image.csv,c_unrouted_nets,190,0.1368,0.4269,0.0,0.0,2.0
results/oracle/per_image.csv,c_bad_pins,190,0.0632,0.2439,0.0,0.0,1.0
results/oracle/per_image.csv,c_foreign_intrusions,190,0.0421,0.2261,0.0,0.0,2.0
results/oracle/per_image.csv,A_tp_f1,190,0.4933,0.2526,0.0,0.4562,1.0
results/oracle/per_image.csv,A_net_f1,190,0.6748,0.174,0.186,0.6667,1.0
results/oracle/per_image.csv,A_percomp,190,0.1958,0.2812,0.0,0.0851,1.0
results/oracle/per_image.csv,B_tp_f1,190,0.5243,0.2612,0.0,0.4776,1.0
results/oracle/per_image.csv,B_net_f1,190,0.6924,0.1785,0.2667,0.6972,1.0
results/oracle/per_image.csv,B_percomp,190,0.2282,0.2898,0.0,0.125,1.0
results/oracle/per_image.csv,C_tp_f1,160,0.9916,0.0306,0.8108,1.0,1.0
results/oracle/per_image.csv,C_net_f1,160,0.9962,0.0165,0.8571,1.0,1.0
results/oracle/per_image.csv,C_percomp,160,0.9683,0.1197,0.2,1.0,1.0
results/oracle/per_image.csv,D_tp_f1,190,1.0,0.0,1.0,1.0,1.0
results/oracle/per_image.csv,D_net_f1,190,1.0,0.0,1.0,1.0,1.0
results/oracle/per_image.csv,D_percomp,190,1.0,0.0,1.0,1.0,1.0
results/oracle_1024/per_image.csv,c_render_ok,190,0.9316,0.2531,0.0,1.0,1.0
results/oracle_1024/per_image.csv,c_unrouted_nets,190,0.0632,0.2647,0.0,0.0,2.0
results/oracle_1024/per_image.csv,c_bad_pins,190,0.0105,0.1023,0.0,0.0,1.0
results/oracle_1024/per_image.csv,c_foreign_intrusions,190,0.0158,0.125,0.0,0.0,1.0
results/oracle_1024/per_image.csv,A_tp_f1,190,0.7076,0.2854,0.1111,0.7815,1.0
results/oracle_1024/per_image.csv,A_net_f1,190,0.8083,0.2059,0.2222,0.8667,1.0
results/oracle_1024/per_image.csv,A_percomp,190,0.5692,0.3982,0.0,0.5,1.0
results/oracle_1024/per_image.csv,B_tp_f1,190,0.7515,0.2784,0.137,0.8413,1.0
results/oracle_1024/per_image.csv,B_net_f1,190,0.831,0.2035,0.2222,0.9118,1.0
results/oracle_1024/per_image.csv,B_percomp,190,0.6317,0.3963,0.0,0.9375,1.0
results/oracle_1024/per_image.csv,C_tp_f1,177,0.9541,0.0936,0.6047,1.0,1.0
results/oracle_1024/per_image.csv,C_net_f1,177,0.969,0.0667,0.6809,1.0,1.0
results/oracle_1024/per_image.csv,C_percomp,177,0.8675,0.2659,0.0667,1.0,1.0
results/oracle_1024/per_image.csv,D_tp_f1,190,1.0,0.0,1.0,1.0,1.0
results/oracle_1024/per_image.csv,D_net_f1,190,1.0,0.0,1.0,1.0,1.0
results/oracle_1024/per_image.csv,D_percomp,190,1.0,0.0,1.0,1.0,1.0
results/oracles_phase0/both/per_image.csv,n_pred,190,13.6368,6.669,4.0,14.0,28.0
results/oracles_phase0/both/per_image.csv,n_gt,190,13.5105,6.6035,4.0,14.0,28.0
results/oracles_phase0/both/per_image.csv,matched,190,13.2263,6.5106,3.0,13.0,28.0
results/oracles_phase0/both/per_image.csv,unmatched_pred,190,0.4105,0.8229,0.0,0.0,5.0
results/oracles_phase0/both/per_image.csv,unmatched_gt,190,0.2842,0.6532,0.0,0.0,4.0
results/oracles_phase0/both/per_image.csv,terminal_pair_precision,190,0.7232,0.2635,0.1197,0.75,1.0
results/oracles_phase0/both/per_image.csv,terminal_pair_recall,190,0.7425,0.2819,0.0909,0.8061,1.0
results/oracles_phase0/both/per_image.csv,terminal_pair_f1,190,0.7122,0.2697,0.1111,0.7698,1.0
results/oracles_phase0/both/per_image.csv,net_f1,190,0.8176,0.1835,0.2593,0.8557,1.0
results/oracles_phase0/both/per_image.csv,per_component_connected_acc,190,0.5619,0.3987,0.0,0.5,1.0
results/oracles_phase0/both/per_image.csv,nged,190,0.1827,0.1578,0.0,0.1757,0.4778
results/oracles_phase0/both/per_image.csv,strict_success,190,0.3211,0.4681,0.0,0.0,1.0
results/oracles_phase0/both/per_image.csv,spice_valid,190,1.0,0.0,1.0,1.0,1.0
results/oracles_phase0/both/per_image.csv,solvable_before,190,0.5263,0.5006,0.0,1.0,1.0
results/oracles_phase0/both/per_image.csv,solvable_after,190,0.7368,0.4415,0.0,1.0,1.0
results/oracles_phase0/both/per_image.csv,num_assumptions,190,2.6579,0.8569,1.0,2.0,6.0
results/oracles_phase0/both/per_image.csv,num_gauge,190,1.7,0.5034,0.0,2.0,2.0
results/oracles_phase0/gttext/per_image.csv,n_pred,190,13.6368,6.669,4.0,14.0,28.0
results/oracles_phase0/gttext/per_image.csv,n_gt,190,13.5105,6.6035,4.0,14.0,28.0
results/oracles_phase0/gttext/per_image.csv,matched,190,13.2263,6.5106,3.0,13.0,28.0
results/oracles_phase0/gttext/per_image.csv,unmatched_pred,190,0.4105,0.8229,0.0,0.0,5.0
results/oracles_phase0/gttext/per_image.csv,unmatched_gt,190,0.2842,0.6532,0.0,0.0,4.0
results/oracles_phase0/gttext/per_image.csv,terminal_pair_precision,190,0.7153,0.2862,0.1019,0.7519,1.0
results/oracles_phase0/gttext/per_image.csv,terminal_pair_recall,190,0.7412,0.2845,0.0909,0.8188,1.0
results/oracles_phase0/gttext/per_image.csv,terminal_pair_f1,190,0.701,0.2863,0.1111,0.7712,1.0
results/oracles_phase0/gttext/per_image.csv,net_f1,190,0.805,0.2055,0.2222,0.8658,1.0
results/oracles_phase0/gttext/per_image.csv,per_component_connected_acc,190,0.5652,0.4002,0.0,0.5,1.0
results/oracles_phase0/gttext/per_image.csv,nged,190,0.1891,0.1619,0.0,0.1924,0.4767
results/oracles_phase0/gttext/per_image.csv,strict_success,190,0.3474,0.4774,0.0,0.0,1.0
results/oracles_phase0/gttext/per_image.csv,spice_valid,190,0.9947,0.0725,0.0,1.0,1.0
results/oracles_phase0/gttext/per_image.csv,solvable_before,190,0.5263,0.5006,0.0,1.0,1.0
results/oracles_phase0/gttext/per_image.csv,solvable_after,190,0.7368,0.4415,0.0,1.0,1.0
results/oracles_phase0/gttext/per_image.csv,num_assumptions,190,2.6474,0.8463,1.0,2.0,6.0
results/oracles_phase0/gttext/per_image.csv,num_gauge,190,1.7,0.5034,0.0,2.0,2.0
results/oracles_phase0/gtxover/per_image.csv,n_pred,190,13.6368,6.669,4.0,14.0,28.0
results/oracles_phase0/gtxover/per_image.csv,n_gt,190,13.5105,6.6035,4.0,14.0,28.0
results/oracles_phase0/gtxover/per_image.csv,matched,190,13.2263,6.5106,3.0,13.0,28.0
results/oracles_phase0/gtxover/per_image.csv,unmatched_pred,190,0.4105,0.8229,0.0,0.0,5.0
results/oracles_phase0/gtxover/per_image.csv,unmatched_gt,190,0.2842,0.6532,0.0,0.0,4.0
results/oracles_phase0/gtxover/per_image.csv,terminal_pair_precision,190,0.7273,0.2632,0.1197,0.7519,1.0
results/oracles_phase0/gtxover/per_image.csv,terminal_pair_recall,190,0.752,0.2789,0.0909,0.831,1.0
results/oracles_phase0/gtxover/per_image.csv,terminal_pair_f1,190,0.719,0.2686,0.1111,0.7852,1.0
results/oracles_phase0/gtxover/per_image.csv,net_f1,190,0.8214,0.1826,0.2593,0.8658,1.0
results/oracles_phase0/gtxover/per_image.csv,per_component_connected_acc,190,0.5737,0.3974,0.0,0.5,1.0
results/oracles_phase0/gtxover/per_image.csv,nged,190,0.182,0.1585,0.0,0.1791,0.4778
results/oracles_phase0/gtxover/per_image.csv,strict_success,190,0.3263,0.4701,0.0,0.0,1.0
results/oracles_phase0/gtxover/per_image.csv,spice_valid,190,1.0,0.0,1.0,1.0,1.0
results/oracles_phase0/gtxover/per_image.csv,solvable_before,190,0.5316,0.5003,0.0,1.0,1.0
results/oracles_phase0/gtxover/per_image.csv,solvable_after,190,0.7474,0.4357,0.0,1.0,1.0
results/oracles_phase0/gtxover/per_image.csv,num_assumptions,190,2.6211,0.8443,1.0,2.0,6.0
results/oracles_phase0/gtxover/per_image.csv,num_gauge,190,1.7,0.5034,0.0,2.0,2.0
results/oracles_phase0/gtxover_guarded/per_image.csv,n_pred,190,13.6368,6.669,4.0,14.0,28.0
results/oracles_phase0/gtxover_guarded/per_image.csv,n_gt,190,13.5105,6.6035,4.0,14.0,28.0
results/oracles_phase0/gtxover_guarded/per_image.csv,matched,190,13.2263,6.5106,3.0,13.0,28.0
results/oracles_phase0/gtxover_guarded/per_image.csv,unmatched_pred,190,0.4105,0.8229,0.0,0.0,5.0
results/oracles_phase0/gtxover_guarded/per_image.csv,unmatched_gt,190,0.2842,0.6532,0.0,0.0,4.0
results/oracles_phase0/gtxover_guarded/per_image.csv,terminal_pair_precision,190,0.7273,0.2632,0.1197,0.7519,1.0
results/oracles_phase0/gtxover_guarded/per_image.csv,terminal_pair_recall,190,0.752,0.2789,0.0909,0.831,1.0
results/oracles_phase0/gtxover_guarded/per_image.csv,terminal_pair_f1,190,0.719,0.2686,0.1111,0.7852,1.0
results/oracles_phase0/gtxover_guarded/per_image.csv,net_f1,190,0.8214,0.1826,0.2593,0.8658,1.0
results/oracles_phase0/gtxover_guarded/per_image.csv,per_component_connected_acc,190,0.5737,0.3974,0.0,0.5,1.0
results/oracles_phase0/gtxover_guarded/per_image.csv,nged,190,0.1872,0.1605,0.0,0.1847,0.4778
results/oracles_phase0/gtxover_guarded/per_image.csv,strict_success,190,0.3263,0.4701,0.0,0.0,1.0
results/oracles_phase0/gtxover_guarded/per_image.csv,spice_valid,190,1.0,0.0,1.0,1.0,1.0
results/oracles_phase0/gtxover_guarded/per_image.csv,solvable_before,190,0.5316,0.5003,0.0,1.0,1.0
results/oracles_phase0/gtxover_guarded/per_image.csv,solvable_after,190,0.7474,0.4357,0.0,1.0,1.0
results/oracles_phase0/gtxover_guarded/per_image.csv,num_assumptions,190,2.6211,0.8443,1.0,2.0,6.0
results/oracles_phase0/gtxover_guarded/per_image.csv,num_gauge,190,1.7,0.5034,0.0,2.0,2.0
results/path_tracing_probe/sweep.csv,gap_cost,16,7.0,2.3094,4.0,7.0,10.0
results/path_tracing_probe/sweep.csv,threshold,16,175.0,100.5319,60.0,160.0,320.0
results/path_tracing_probe/sweep.csv,merges_correct,16,28.3125,37.0166,2.0,14.0,142.0
results/path_tracing_probe/sweep.csv,merges_wrong,16,72.3125,150.5845,0.0,14.5,597.0
results/path_tracing_probe/sweep.csv,merges_unknown_gt,16,0.0,0.0,0.0,0.0,0.0
results/path_tracing_probe/sweep.csv,precision,16,0.5607,0.2798,0.1922,0.4791,1.0
results/repair/verify_per_image.csv,n_extra_lines,190,1.6053,1.4168,0.0,1.0,7.0
results/repair/verify_per_image.csv,ground_mapped_gt_net,119,0.0,0.0,0.0,0.0,0.0
results/repair/verify_per_image.csv,ground_ambiguous,190,0.2053,0.405,0.0,0.0,1.0
results/repair/verify_per_image.csv,ground_correct,190,0.6263,0.4851,0.0,1.0,1.0
results/repair_1024/verify_per_image.csv,n_extra_lines,190,0.6842,0.839,0.0,1.0,5.0
results/repair_1024/verify_per_image.csv,ground_mapped_gt_net,138,0.0,0.0,0.0,0.0,0.0
results/repair_1024/verify_per_image.csv,ground_ambiguous,190,0.1632,0.3705,0.0,0.0,1.0
results/repair_1024/verify_per_image.csv,ground_correct,190,0.7263,0.447,0.0,1.0,1.0
results/runtime/per_image.csv,load,60,0.0028,0.0012,0.0011,0.0024,0.0074
results/runtime/per_image.csv,detect,60,0.0009,0.0006,0.0003,0.0007,0.0035
results/runtime/per_image.csv,textmask,60,0.0027,0.0013,0.0012,0.0023,0.0078
results/runtime/per_image.csv,wiremask,60,0.0003,0.0002,0.0001,0.0002,0.0012
results/runtime/per_image.csv,wires,60,0.0073,0.0033,0.0029,0.0063,0.0198
results/runtime/per_image.csv,stitch,60,0.0418,0.0405,0.0008,0.0288,0.2437
results/runtime/per_image.csv,nodes,60,0.0031,0.002,0.0012,0.0026,0.0115
results/runtime/per_image.csv,snapping,60,0.0218,0.0207,0.0025,0.0168,0.1054
results/runtime/per_image.csv,netlist,60,0.0002,0.0007,0.0,0.0,0.0046
results/runtime/per_image.csv,repair,60,0.0004,0.0005,0.0001,0.0003,0.0024
results/runtime/per_image.csv,export,60,0.0018,0.0012,0.0006,0.0015,0.0058
results/runtime/per_image.csv,total,60,0.083,0.0556,0.0265,0.0695,0.3099
results/runtime/per_image.csv,n_components,60,14.6667,7.0052,5.0,14.0,28.0
results/runtime_1024/per_image.csv,load,60,0.0037,0.0011,0.0017,0.0035,0.0069
results/runtime_1024/per_image.csv,detect,60,0.0003,0.0001,0.0002,0.0003,0.0005
results/runtime_1024/per_image.csv,textmask,60,0.0028,0.0004,0.0024,0.0027,0.0048
results/runtime_1024/per_image.csv,wiremask,60,0.0002,0.0001,0.0001,0.0002,0.0005
results/runtime_1024/per_image.csv,wires,60,0.0083,0.0025,0.0046,0.0077,0.0153
results/runtime_1024/per_image.csv,stitch,60,0.025,0.0137,0.0012,0.0209,0.064
results/runtime_1024/per_image.csv,nodes,60,0.0029,0.0003,0.0026,0.0028,0.004
results/runtime_1024/per_image.csv,snapping,60,0.0025,0.0021,0.0006,0.0018,0.0116
results/runtime_1024/per_image.csv,netlist,60,0.0,0.0,0.0,0.0,0.0
results/runtime_1024/per_image.csv,repair,60,0.0001,0.0,0.0,0.0001,0.0001
results/runtime_1024/per_image.csv,export,60,0.0005,0.0001,0.0003,0.0004,0.0008
results/runtime_1024/per_image.csv,total,60,0.0462,0.0172,0.0176,0.0429,0.0929
results/runtime_1024/per_image.csv,n_components,60,14.7833,7.0665,5.0,14.5,28.0
results/stratified/stratified.csv,n_images,10,95.0,60.8148,7.0,67.0,190.0
results/stratified/stratified.csv,terminal_pair_f1,10,0.4757,0.058,0.3994,0.4865,0.5601
results/stratified/stratified.csv,net_f1,10,0.6584,0.0513,0.5861,0.6764,0.7166
results/stratified/stratified.csv,per_component_connected_acc,10,0.1796,0.0521,0.1088,0.1972,0.2546
results/stratified/stratified.csv,nged,10,0.2331,0.0849,0.0996,0.2195,0.3566
results/stratified/stratified.csv,strict_success,10,0.0445,0.0446,0.0,0.0468,0.125
results/stratified/worst_images.csv,n_components,15,11.9333,4.1998,4.0,14.0,18.0
results/stratified/worst_images.csv,net_f1,15,0.3687,0.0596,0.186,0.3824,0.4255
results/stratified/worst_images.csv,terminal_pair_f1,15,0.1592,0.0945,0.0,0.1333,0.3818
results/stratified/worst_images.csv,unmatched_pred,15,0.4,0.5071,0.0,0.0,1.0
results/stratified/worst_images.csv,unmatched_gt,15,0.2667,0.5936,0.0,0.0,2.0
results/stratified/worst_images.csv,has_crossover,15,0.6667,0.488,0.0,1.0,1.0
results/stratified/worst_images.csv,has_multiterminal,15,0.1333,0.3519,0.0,0.0,1.0
results/stratified/worst_images.csv,frac_squarish_gt_boxes,15,0.1123,0.0933,0.0,0.133,0.286
results/stratified_1024/stratified.csv,n_images,10,95.0,60.8148,7.0,67.0,190.0
results/stratified_1024/stratified.csv,terminal_pair_f1,10,0.6935,0.1068,0.5413,0.7064,0.8714
results/stratified_1024/stratified.csv,net_f1,10,0.7975,0.0769,0.6848,0.8075,0.9216
results/stratified_1024/stratified.csv,per_component_connected_acc,10,0.5582,0.1452,0.3166,0.5665,0.78
results/stratified_1024/stratified.csv,nged,10,0.2089,0.1086,0.0289,0.1925,0.3645
results/stratified_1024/stratified.csv,strict_success,10,0.3128,0.1836,0.1186,0.3192,0.6806
results/stratified_1024/worst_images.csv,n_components,15,14.4667,3.3989,7.0,14.0,24.0
results/stratified_1024/worst_images.csv,net_f1,15,0.3558,0.0862,0.2222,0.3333,0.4681
results/stratified_1024/worst_images.csv,terminal_pair_f1,15,0.2435,0.0906,0.1111,0.2273,0.4206
results/stratified_1024/worst_images.csv,unmatched_pred,15,0.2667,0.4577,0.0,0.0,1.0
results/stratified_1024/worst_images.csv,unmatched_gt,15,0.2667,0.4577,0.0,0.0,1.0
results/stratified_1024/worst_images.csv,has_crossover,15,0.8,0.414,0.0,1.0,1.0
results/stratified_1024/worst_images.csv,has_multiterminal,15,0.1333,0.3519,0.0,0.0,1.0
results/stratified_1024/worst_images.csv,frac_squarish_gt_boxes,15,0.1342,0.1157,0.0,0.143,0.389
results/sweeps/cc_vs_crossover_1024.csv,terminal_pair_f1,2,0.6473,0.0525,0.6102,0.6473,0.6845
results/sweeps/cc_vs_crossover_1024.csv,net_f1,2,0.7623,0.0491,0.7276,0.7623,0.797
results/sweeps/cc_vs_crossover_1024.csv,per_component_acc,2,0.5227,0.0023,0.521,0.5227,0.5243
results/sweeps/cc_vs_crossover_1024.csv,fragmentation,2,1.243,0.0099,1.236,1.243,1.25
results/sweeps/full_parameter_sweep.csv,terminal_pair_f1,45,0.6875,0.0122,0.6211,0.6911,0.6931
results/sweeps/full_parameter_sweep.csv,net_f1,45,0.7853,0.0068,0.7503,0.7872,0.7888
results/sweeps/full_parameter_sweep.csv,per_component_acc,45,0.5107,0.0187,0.4228,0.5166,0.5231
results/sweeps/full_parameter_sweep.csv,fragmentation,45,1.2606,0.0485,1.2,1.25,1.528
results/sweeps/junction_threshold.csv,terminal_pair_f1,6,0.4445,0.0131,0.4206,0.4489,0.4568
results/sweeps/junction_threshold.csv,net_f1,6,0.6318,0.0079,0.6183,0.6344,0.6399
results/sweeps/junction_threshold.csv,per_component_acc,6,0.1424,0.009,0.1259,0.1437,0.1514
results/sweeps/junction_threshold.csv,fragmentation,6,1.362,0.0855,1.25,1.3615,1.469
results/sweeps/junction_threshold_degfilter.csv,terminal_pair_f1,4,0.4521,0.0046,0.4486,0.4509,0.4582
results/sweeps/junction_threshold_degfilter.csv,net_f1,4,0.6373,0.0031,0.6348,0.6365,0.6412
results/sweeps/junction_threshold_degfilter.csv,per_component_acc,4,0.1484,0.0041,0.1449,0.148,0.1526
results/sweeps/junction_threshold_degfilter.csv,fragmentation,4,1.289,0.0284,1.25,1.298,1.31
results/sweeps/learned_guarded_notch.csv,terminal_pair_f1,4,0.6223,0.0422,0.5908,0.607,0.6845
results/sweeps/learned_guarded_notch.csv,net_f1,4,0.7553,0.0283,0.7343,0.7449,0.797
results/sweeps/learned_guarded_notch.csv,per_component_acc,4,0.4317,0.0606,0.3867,0.4096,0.521
results/sweeps/learned_guarded_notch.csv,fragmentation,4,1.3073,0.0404,1.25,1.317,1.345
results/sweeps/learned_threshold_1024.csv,terminal_pair_f1,10,0.5988,0.0351,0.5648,0.5926,0.6841
results/sweeps/learned_threshold_1024.csv,net_f1,10,0.7389,0.0239,0.7154,0.7352,0.797
results/sweeps/learned_threshold_1024.csv,per_component_acc,10,0.3792,0.0543,0.3311,0.362,0.5067
results/sweeps/learned_threshold_1024.csv,fragmentation,10,1.3785,0.0702,1.25,1.402,1.453
results/sweeps/masking.csv,terminal_pair_f1,8,0.5038,0.1143,0.2751,0.5194,0.6231
results/sweeps/masking.csv,net_f1,8,0.6695,0.0804,0.4987,0.6833,0.7483
results/sweeps/masking.csv,per_component_acc,8,0.2119,0.0964,0.0381,0.2071,0.3442
results/sweeps/masking.csv,fragmentation,8,1.3073,0.3506,1.118,1.1895,2.167
results/sweeps/res1024_noisefloor.csv,terminal_pair_f1,3,0.6833,0.0014,0.6817,0.6841,0.6841
results/sweeps/res1024_noisefloor.csv,net_f1,3,0.7971,0.0002,0.797,0.797,0.7974
results/sweeps/res1024_noisefloor.csv,per_component_acc,3,0.5064,0.0005,0.5058,0.5067,0.5067
results/sweeps/res1024_noisefloor.csv,fragmentation,3,1.25,0.0,1.25,1.25,1.25
results/sweeps/stitch_guards.csv,terminal_pair_f1,19,0.5184,0.0098,0.4906,0.5194,0.5347
results/sweeps/stitch_guards.csv,net_f1,19,0.6813,0.0086,0.6617,0.6833,0.6957
results/sweeps/stitch_guards.csv,per_component_acc,19,0.2071,0.0108,0.1653,0.2071,0.2189
results/sweeps/stitch_guards.csv,fragmentation,19,1.1523,0.0249,1.097,1.154,1.207
results/sweeps/vector_v1.csv,terminal_pair_f1,6,0.5795,0.0575,0.5273,0.5674,0.6795
results/sweeps/vector_v1.csv,net_f1,6,0.7254,0.0402,0.6919,0.7181,0.7993
results/sweeps/vector_v1.csv,per_component_acc,6,0.4011,0.0906,0.3101,0.3916,0.5328
results/sweeps/vector_v1.csv,fragmentation,6,1.4022,0.0828,1.25,1.427,1.462
results/sweeps/vector_v2.csv,terminal_pair_f1,4,0.6071,0.0585,0.5371,0.6059,0.6795
results/sweeps/vector_v2.csv,net_f1,4,0.7416,0.0443,0.6919,0.7376,0.7993
results/sweeps/vector_v2.csv,per_component_acc,4,0.4607,0.0751,0.3557,0.4772,0.5328
results/sweeps/vector_v2.csv,fragmentation,4,1.3605,0.0882,1.25,1.365,1.462
results/sweeps/vector_v3.csv,terminal_pair_f1,4,0.6362,0.0311,0.6135,0.626,0.6795
results/sweeps/vector_v3.csv,net_f1,4,0.7625,0.0264,0.7434,0.7536,0.7993
results/sweeps/vector_v3.csv,per_component_acc,4,0.5146,0.0348,0.4855,0.5091,0.5546
results/sweeps/vector_v3.csv,fragmentation,4,1.3182,0.0459,1.25,1.339,1.345
results/sweeps/vector_v4.csv,terminal_pair_f1,3,0.6438,0.0333,0.6135,0.6385,0.6795
results/sweeps/vector_v4.csv,net_f1,3,0.7689,0.0283,0.7434,0.7639,0.7993
results/sweeps/vector_v4.csv,per_component_acc,3,0.5243,0.0353,0.4855,0.5328,0.5546
results/sweeps/vector_v4.csv,fragmentation,3,1.3093,0.0517,1.25,1.333,1.345
results/textmask_eval/per_image.csv,n_text_boxes,190,9.2842,3.2778,4.0,10.0,16.0
results/textmask_eval/per_image.csv,ink_recall,190,0.8541,0.1555,0.3279,0.8845,1.0
results/textmask_eval/per_image.csv,box_recall_50,190,0.8859,0.1458,0.4,0.9259,1.0
results/textmask_eval/per_image.csv,boxes_missed_10,190,0.9789,1.3914,0.0,0.0,7.0
results/textmask_eval/per_image.csv,wire_damage,190,0.0128,0.0134,0.0,0.0092,0.078
results/textmask_eval/per_image.csv,text_ink_px,190,3999.7526,1800.0155,1441.0,3466.5,12367.0
results/textmask_eval/per_image.csv,uncovered_text_px,190,591.3316,734.4438,0.0,430.0,6766.0
results/v2_newpreproc/classical/per_image.csv,n_pred,190,13.5684,6.6263,4.0,14.0,28.0
results/v2_newpreproc/classical/per_image.csv,n_gt,190,13.5105,6.6035,4.0,14.0,28.0
results/v2_newpreproc/classical/per_image.csv,matched,190,12.3737,6.781,0.0,10.0,28.0
results/v2_newpreproc/classical/per_image.csv,unmatched_pred,190,1.1947,3.6179,0.0,0.0,24.0
results/v2_newpreproc/classical/per_image.csv,unmatched_gt,190,1.1368,3.5712,0.0,0.0,24.0
results/v2_newpreproc/classical/per_image.csv,terminal_pair_precision,190,0.2617,0.2321,0.0,0.2048,1.0
results/v2_newpreproc/classical/per_image.csv,terminal_pair_recall,190,0.197,0.2156,0.0,0.124,1.0
results/v2_newpreproc/classical/per_image.csv,terminal_pair_f1,190,0.2025,0.207,0.0,0.1506,0.8947
results/v2_newpreproc/classical/per_image.csv,net_f1,190,0.431,0.202,0.0,0.4119,0.9714
results/v2_newpreproc/classical/per_image.csv,per_component_connected_acc,190,0.0362,0.1451,0.0,0.0,1.0
results/v2_newpreproc/classical/per_image.csv,nged,190,0.2546,0.1223,0.0,0.25,0.475
results/v2_newpreproc/classical/per_image.csv,strict_success,190,0.0,0.0,0.0,0.0,0.0
results/v2_newpreproc/classical/per_image.csv,spice_valid,190,0.9526,0.213,0.0,1.0,1.0
results/v2_newpreproc/classical/per_image.csv,solvable_before,190,0.4368,0.4973,0.0,0.0,1.0
results/v2_newpreproc/classical/per_image.csv,solvable_after,190,0.7737,0.4196,0.0,1.0,1.0
results/v2_newpreproc/classical/per_image.csv,num_assumptions,190,5.1895,2.0691,2.0,5.0,12.0
results/v2_newpreproc/classical/per_image.csv,num_gauge,190,1.7,0.5034,0.0,2.0,2.0
results/v2_newpreproc/crossover_aware/per_image.csv,n_pred,190,13.5684,6.6263,4.0,14.0,28.0
results/v2_newpreproc/crossover_aware/per_image.csv,n_gt,190,13.5105,6.6035,4.0,14.0,28.0
results/v2_newpreproc/crossover_aware/per_image.csv,matched,190,12.3737,6.781,0.0,10.0,28.0
results/v2_newpreproc/crossover_aware/per_image.csv,unmatched_pred,190,1.1947,3.6179,0.0,0.0,24.0
results/v2_newpreproc/crossover_aware/per_image.csv,unmatched_gt,190,1.1368,3.5712,0.0,0.0,24.0
results/v2_newpreproc/crossover_aware/per_image.csv,terminal_pair_precision,190,0.2655,0.2312,0.0,0.2143,1.0
results/v2_newpreproc/crossover_aware/per_image.csv,terminal_pair_recall,190,0.1904,0.2145,0.0,0.1111,1.0
results/v2_newpreproc/crossover_aware/per_image.csv,terminal_pair_f1,190,0.2024,0.208,0.0,0.1506,0.8947
results/v2_newpreproc/crossover_aware/per_image.csv,net_f1,190,0.4362,0.1988,0.0,0.4151,0.9714
results/v2_newpreproc/crossover_aware/per_image.csv,per_component_connected_acc,190,0.0358,0.1451,0.0,0.0,1.0
results/v2_newpreproc/crossover_aware/per_image.csv,nged,190,0.2481,0.1167,0.0,0.248,0.475
results/v2_newpreproc/crossover_aware/per_image.csv,strict_success,190,0.0,0.0,0.0,0.0,0.0
results/v2_newpreproc/crossover_aware/per_image.csv,spice_valid,190,0.9684,0.1753,0.0,1.0,1.0
results/v2_newpreproc/crossover_aware/per_image.csv,solvable_before,190,0.4053,0.4922,0.0,0.0,1.0
results/v2_newpreproc/crossover_aware/per_image.csv,solvable_after,190,0.7684,0.423,0.0,1.0,1.0
results/v2_newpreproc/crossover_aware/per_image.csv,num_assumptions,190,5.2579,2.0398,2.0,5.0,12.0
results/v2_newpreproc/crossover_aware/per_image.csv,num_gauge,190,1.7,0.5034,0.0,2.0,2.0
results/v3_boundary_snap/per_image.csv,n_pred,190,13.5684,6.6263,4.0,14.0,28.0
results/v3_boundary_snap/per_image.csv,n_gt,190,13.5105,6.6035,4.0,14.0,28.0
results/v3_boundary_snap/per_image.csv,matched,190,12.3737,6.781,0.0,10.0,28.0
results/v3_boundary_snap/per_image.csv,unmatched_pred,190,1.1947,3.6179,0.0,0.0,24.0
results/v3_boundary_snap/per_image.csv,unmatched_gt,190,1.1368,3.5712,0.0,0.0,24.0
results/v3_boundary_snap/per_image.csv,terminal_pair_precision,190,0.4687,0.2881,0.0,0.446,1.0
results/v3_boundary_snap/per_image.csv,terminal_pair_recall,190,0.3699,0.2524,0.0,0.3261,1.0
results/v3_boundary_snap/per_image.csv,terminal_pair_f1,190,0.3985,0.2574,0.0,0.3636,1.0
results/v3_boundary_snap/per_image.csv,net_f1,190,0.5853,0.2268,0.0,0.618,1.0
results/v3_boundary_snap/per_image.csv,per_component_connected_acc,190,0.1424,0.2301,0.0,0.0,1.0
results/v3_boundary_snap/per_image.csv,nged,190,0.2423,0.1322,0.0,0.252,0.4737
results/v3_boundary_snap/per_image.csv,strict_success,190,0.0263,0.1605,0.0,0.0,1.0
results/v3_boundary_snap/per_image.csv,spice_valid,190,0.9684,0.1753,0.0,1.0,1.0
results/v3_boundary_snap/per_image.csv,solvable_before,190,0.3579,0.4806,0.0,0.0,1.0
results/v3_boundary_snap/per_image.csv,solvable_after,190,0.6895,0.4639,0.0,1.0,1.0
results/v3_boundary_snap/per_image.csv,num_assumptions,190,4.0737,1.4235,2.0,4.0,10.0
results/v3_boundary_snap/per_image.csv,num_gauge,190,1.7,0.5034,0.0,2.0,2.0
results/v4_stitch/per_image.csv,n_pred,190,13.5684,6.6263,4.0,14.0,28.0
results/v4_stitch/per_image.csv,n_gt,190,13.5105,6.6035,4.0,14.0,28.0
results/v4_stitch/per_image.csv,matched,190,12.3737,6.781,0.0,10.0,28.0
results/v4_stitch/per_image.csv,unmatched_pred,190,1.1947,3.6179,0.0,0.0,24.0
results/v4_stitch/per_image.csv,unmatched_gt,190,1.1368,3.5712,0.0,0.0,24.0
results/v4_stitch/per_image.csv,terminal_pair_precision,190,0.4942,0.3039,0.0,0.4743,1.0
results/v4_stitch/per_image.csv,terminal_pair_recall,190,0.4074,0.2726,0.0,0.3604,1.0
results/v4_stitch/per_image.csv,terminal_pair_f1,190,0.4319,0.2767,0.0,0.4,1.0
results/v4_stitch/per_image.csv,net_f1,190,0.6065,0.2384,0.0,0.6394,1.0
results/v4_stitch/per_image.csv,per_component_connected_acc,190,0.1737,0.2669,0.0,0.0426,1.0
results/v4_stitch/per_image.csv,nged,190,0.2302,0.1376,0.0,0.2438,0.4652
results/v4_stitch/per_image.csv,strict_success,190,0.0526,0.2239,0.0,0.0,1.0
results/v4_stitch/per_image.csv,spice_valid,190,0.9632,0.1889,0.0,1.0,1.0
results/v4_stitch/per_image.csv,solvable_before,190,0.3789,0.4864,0.0,0.0,1.0
results/v4_stitch/per_image.csv,solvable_after,190,0.7211,0.4497,0.0,1.0,1.0
results/v4_stitch/per_image.csv,num_assumptions,190,3.9526,1.3305,2.0,4.0,9.0
results/v4_stitch/per_image.csv,num_gauge,190,1.7,0.5034,0.0,2.0,2.0
results/v5_stitch_crossover/per_image.csv,n_pred,190,13.5684,6.6263,4.0,14.0,28.0
results/v5_stitch_crossover/per_image.csv,n_gt,190,13.5105,6.6035,4.0,14.0,28.0
results/v5_stitch_crossover/per_image.csv,matched,190,12.3737,6.781,0.0,10.0,28.0
results/v5_stitch_crossover/per_image.csv,unmatched_pred,190,1.1947,3.6179,0.0,0.0,24.0
results/v5_stitch_crossover/per_image.csv,unmatched_gt,190,1.1368,3.5712,0.0,0.0,24.0
results/v5_stitch_crossover/per_image.csv,terminal_pair_precision,190,0.5317,0.293,0.0,0.5302,1.0
results/v5_stitch_crossover/per_image.csv,terminal_pair_recall,190,0.4326,0.2739,0.0,0.387,1.0
results/v5_stitch_crossover/per_image.csv,terminal_pair_f1,190,0.4626,0.2728,0.0,0.4241,1.0
results/v5_stitch_crossover/per_image.csv,net_f1,190,0.6366,0.2234,0.0,0.6587,1.0
results/v5_stitch_crossover/per_image.csv,per_component_connected_acc,190,0.1841,0.2759,0.0,0.0541,1.0
results/v5_stitch_crossover/per_image.csv,nged,190,0.2188,0.1305,0.0,0.2256,0.4681
results/v5_stitch_crossover/per_image.csv,strict_success,190,0.0526,0.2239,0.0,0.0,1.0
results/v5_stitch_crossover/per_image.csv,spice_valid,190,0.9789,0.1439,0.0,1.0,1.0
results/v5_stitch_crossover/per_image.csv,solvable_before,190,0.3526,0.4791,0.0,0.0,1.0
results/v5_stitch_crossover/per_image.csv,solvable_after,190,0.7158,0.4522,0.0,1.0,1.0
results/v5_stitch_crossover/per_image.csv,num_assumptions,190,4.0421,1.4723,1.0,4.0,9.0
results/v5_stitch_crossover/per_image.csv,num_gauge,190,1.7,0.5034,0.0,2.0,2.0
results/welds/per_weld.csv,candidate_sites,93,4.3118,5.4812,0.0,3.0,42.0
results/welds/per_weld.csv,cut_site_degree,80,3.5875,0.4954,3.0,4.0,4.0
results/welds/per_weld.csv,n_fused_nets,93,2.3333,0.7708,2.0,2.0,7.0
results/welds/per_weld.csv,single_cut,93,0.8602,0.3486,0.0,1.0,1.0
